track,frame_idx,instance.score,left_pec_fin_tip.x,left_pec_fin_tip.y,left_pec_fin_tip.score,right_eye.x,right_eye.y,right_eye.score,left_eye.x,left_eye.y,left_eye.score,right_pec_fin_base.x,right_pec_fin_base.y,right_pec_fin_base.score,anus.x,anus.y,anus.score,hyoid.x,hyoid.y,hyoid.score,dorsal_caudal.x,dorsal_caudal.y,dorsal_caudal.score,peduncle.x,peduncle.y,peduncle.score,pelvic_fin_base.x,pelvic_fin_base.y,pelvic_fin_base.score,ventral_caudal.x,ventral_caudal.y,ventral_caudal.score,right_pec_fin_tip.x,right_pec_fin_tip.y,right_pec_fin_tip.score,left_pec_fin_base.x,left_pec_fin_base.y,left_pec_fin_base.score,snout.x,snout.y,snout.score
,0,2.0799403190612793,800.495849609375,504.38104248046875,0.3696485161781311,,,0.0,,,0.0,,,0.0,,,0.0,,,0.0,1112.3551025390625,404.5225524902344,0.9099618196487427,,,0.0,,,0.0,,,0.0,,,0.0,,,0.0,,,0.0
,1,1.6419434547424316,1076.24560546875,539.9873657226562,0.5344091057777405,,,0.0,,,0.0,,,0.0,,,0.0,,,0.0,525.1464233398438,347.9300537109375,0.23163211345672607,,,0.0,,,0.0,,,0.0,,,0.0,,,0.0,,,0.0
,2,3.333012342453003,1039.421142578125,488.2212829589844,0.3519294559955597,,,0.0,,,0.0,,,0.0,,,0.0,,,0.0,520.3618774414062,492.5365295410156,1.3582769632339478,586.876953125,568.3079833984375,0.29924485087394714,1408.44921875,316.2274475097656,0.2443920522928238,,,0.0,516.6580200195312,485.58428955078125,0.31113913655281067,,,0.0,,,0.0
,3,3.7091128826141357,1008.5181884765625,483.4114685058594,0.511461615562439,,,0.0,,,0.0,,,0.0,,,0.0,,,0.0,456.600830078125,488.796142578125,1.858522891998291,,,0.0,,,0.0,,,0.0,1007.9175415039062,468.3623046875,0.4383372962474823,,,0.0,,,0.0
,4,2.498232126235962,365.07672119140625,524.861572265625,0.5962194204330444,,,0.0,,,0.0,,,0.0,,,0.0,,,0.0,411.9007263183594,444.5211181640625,0.9388806819915771,,,0.0,,,0.0,,,0.0,,,0.0,,,0.0,,,0.0
,5,2.5378103256225586,352.5680236816406,448.4856872558594,0.5906721949577332,,,0.0,,,0.0,,,0.0,,,0.0,,,0.0,356.3357238769531,436.8919982910156,0.6890027523040771,240.5067138671875,445.01409912109375,0.21900464594364166,,,0.0,904.4746704101562,556.9874877929688,0.239649698138237,,,0.0,,,0.0,,,0.0
,6,2.8555307388305664,292.34307861328125,432.26300048828125,0.7799914479255676,,,0.0,,,0.0,,,0.0,,,0.0,,,0.0,388.99383544921875,556.40869140625,0.9579482078552246,,,0.0,,,0.0,,,0.0,,,0.0,,,0.0,,,0.0
,7,2.32464337348938,231.56576538085938,423.549560546875,0.4318985641002655,231.28829956054688,420.10687255859375,0.25509244203567505,,,0.0,,,0.0,,,0.0,,,0.0,840.6712036132812,612.1702880859375,0.5050725936889648,,,0.0,,,0.0,,,0.0,225.55633544921875,417.10107421875,0.4635743200778961,,,0.0,,,0.0
,8,1.0483431816101074,728.3590698242188,456.379150390625,0.20956724882125854,,,0.0,,,0.0,,,0.0,,,0.0,,,0.0,,,0.0,,,0.0,,,0.0,,,0.0,,,0.0,,,0.0,,,0.0
,9,0.9787474274635315,689.7941284179688,620.6105346679688,0.23396116495132446,,,0.0,,,0.0,,,0.0,,,0.0,,,0.0,,,0.0,,,0.0,,,0.0,,,0.0,,,0.0,,,0.0,,,0.0
,10,1.6706846952438354,,,0.0,,,0.0,,,0.0,,,0.0,,,0.0,,,0.0,588.4031372070312,348.8949890136719,0.8832899928092957,,,0.0,,,0.0,,,0.0,,,0.0,,,0.0,,,0.0
,12,1.107027292251587,,,0.0,,,0.0,,,0.0,,,0.0,,,0.0,,,0.0,484.1932067871094,360.4342346191406,0.6434662342071533,,,0.0,,,0.0,,,0.0,,,0.0,,,0.0,,,0.0
,13,1.7986488342285156,,,0.0,,,0.0,,,0.0,,,0.0,1320.1519775390625,400.47125244140625,0.4919039309024811,,,0.0,436.94500732421875,368.9432067871094,0.3759858310222626,,,0.0,,,0.0,,,0.0,,,0.0,1184.31396484375,412.564208984375,0.24168294668197632,1068.826171875,392.1375427246094,0.3124995529651642
,14,1.7109302282333374,,,0.0,,,0.0,,,0.0,,,0.0,1316.5029296875,393.130615234375,0.3830116391181946,,,0.0,388.78900146484375,401.1954345703125,0.7788265347480774,,,0.0,,,0.0,,,0.0,,,0.0,,,0.0,,,0.0
,15,1.5386874675750732,,,0.0,,,0.0,,,0.0,,,0.0,,,0.0,,,0.0,804.55859375,440.3779296875,1.0939841270446777,,,0.0,,,0.0,,,0.0,,,0.0,,,0.0,,,0.0
,16,1.814317226409912,,,0.0,,,0.0,,,0.0,,,0.0,1292.08056640625,392.77215576171875,0.2364431619644165,,,0.0,744.6292114257812,413.0565490722656,1.1309860944747925,,,0.0,,,0.0,,,0.0,,,0.0,,,0.0,,,0.0
,17,0.8396648168563843,,,0.0,,,0.0,,,0.0,,,0.0,1284.294677734375,401.0298767089844,0.5132743716239929,,,0.0,,,0.0,,,0.0,,,0.0,,,0.0,,,0.0,,,0.0,,,0.0
,18,2.00571870803833,,,0.0,,,0.0,,,0.0,,,0.0,1292.08935546875,404.5376892089844,0.622236967086792,,,0.0,,,0.0,,,0.0,,,0.0,,,0.0,,,0.0,,,0.0,1000.355224609375,396.8436584472656,0.506231427192688
,19,2.077134132385254,,,0.0,,,0.0,1019.97802734375,400.82763671875,0.2575123906135559,,,0.0,1276.342529296875,404.8924560546875,0.2612069547176361,,,0.0,,,0.0,,,0.0,1204.293212890625,443.6182556152344,0.20402935147285461,,,0.0,,,0.0,,,0.0,988.5352172851562,400.61199951171875,0.5466175675392151
,20,2.401942729949951,,,0.0,,,0.0,1008.7022094726562,401.15087890625,0.22388386726379395,,,0.0,1268.44921875,392.8953552246094,0.7643933296203613,1044.691162109375,444.6041259765625,0.21341679990291595,,,0.0,,,0.0,,,0.0,,,0.0,,,0.0,,,0.0,980.2565307617188,404.2911376953125,0.4194210469722748
,21,2.2622830867767334,,,0.0,1000.2919921875,460.81719970703125,0.24572637677192688,1001.12255859375,401.3180847167969,0.2412029653787613,,,0.0,1268.6580810546875,392.6777038574219,0.5101087093353271,1036.3486328125,448.1136779785156,0.23955528438091278,,,0.0,,,0.0,,,0.0,,,0.0,,,0.0,,,0.0,972.6875610351562,400.831787109375,0.3931584060192108
,22,2.4595932960510254,,,0.0,1000.521728515625,464.24200439453125,0.2532598376274109,997.0914306640625,401.373779296875,0.23030303418636322,,,0.0,1260.1517333984375,404.3780822753906,0.45327621698379517,,,0.0,,,0.0,,,0.0,1184.798095703125,447.98291015625,0.3191481828689575,,,0.0,,,0.0,1087.955078125,416.3929138183594,0.21158859133720398,968.2308959960938,400.0456237792969,0.4846372604370117
,23,2.1159534454345703,,,0.0,996.5616455078125,452.1500549316406,0.27280324697494507,,,0.0,,,0.0,1256.1995849609375,416.80615234375,0.26738059520721436,,,0.0,,,0.0,,,0.0,1184.4530029296875,444.6891784667969,0.3109157979488373,,,0.0,,,0.0,,,0.0,960.8837280273438,396.44268798828125,0.511276125907898
,24,2.117168664932251,,,0.0,996.5745849609375,448.405517578125,0.26636794209480286,,,0.0,,,0.0,1255.898193359375,420.5502014160156,0.2912553548812866,,,0.0,,,0.0,,,0.0,1180.6876220703125,441.4298095703125,0.21833279728889465,,,0.0,,,0.0,,,0.0,956.6768188476562,392.68634033203125,0.527299702167511
,25,1.6897252798080444,,,0.0,,,0.0,,,0.0,,,0.0,1260.159423828125,404.1890563964844,0.37182730436325073,,,0.0,,,0.0,,,0.0,,,0.0,,,0.0,,,0.0,,,0.0,948.7100830078125,396.6509704589844,0.5199013948440552
,26,2.191298484802246,,,0.0,987.7857666015625,452.5327453613281,0.2150454819202423,,,0.0,,,0.0,1220.6170654296875,376.6117248535156,0.5688877105712891,,,0.0,1413.0361328125,312.5566711425781,0.2590622007846832,,,0.0,,,0.0,,,0.0,,,0.0,,,0.0,936.5943603515625,404.6402587890625,0.37855443358421326
,27,2.631009101867676,,,0.0,972.5616455078125,453.05242919921875,0.2765442132949829,,,0.0,,,0.0,1204.052490234375,384.2144775390625,0.39152437448501587,984.6417846679688,443.8970642089844,0.22305749356746674,1424.540283203125,292.5743103027344,0.4621798098087311,,,0.0,1148.542724609375,432.97430419921875,0.39057305455207825,,,0.0,,,0.0,,,0.0,920.953125,408.8365173339844,0.37392279505729675
,28,2.0615639686584473,,,0.0,956.63037109375,452.5339050292969,0.2495862990617752,928.5951538085938,413.18450927734375,0.2059098184108734,,,0.0,,,0.0,,,0.0,1392.3231201171875,265.2034912109375,0.5700961947441101,1424.0894775390625,304.4212341308594,0.21730035543441772,,,0.0,,,0.0,,,0.0,,,0.0,916.2498168945312,404.63580322265625,0.38703933358192444
,29,1.3815443515777588,,,0.0,920.8814697265625,479.9526062011719,0.2563258409500122,,,0.0,,,0.0,,,0.0,,,0.0,1376.2547607421875,248.05117797851562,0.33369728922843933,,,0.0,,,0.0,,,0.0,,,0.0,,,0.0,892.3401489257812,408.4774475097656,0.32130879163742065
,30,1.6394505500793457,,,0.0,,,0.0,,,0.0,,,0.0,1152.7464599609375,400.3250732421875,0.23025958240032196,,,0.0,1360.0921630859375,256.5028991699219,0.5144626498222351,,,0.0,,,0.0,,,0.0,,,0.0,,,0.0,868.4448852539062,416.9089050292969,0.3172236680984497
,31,2.2987475395202637,,,0.0,876.3175048828125,492.4140625,0.2585532069206238,,,0.0,,,0.0,,,0.0,,,0.0,1332.66748046875,280.40704345703125,0.6791551113128662,1288.244384765625,372.5783996582031,0.38313379883766174,,,0.0,,,0.0,,,0.0,,,0.0,840.2598876953125,428.38763427734375,0.2656269967556
,32,2.1184449195861816,,,0.0,856.5704345703125,492.6438903808594,0.24911804497241974,,,0.0,,,0.0,,,0.0,,,0.0,1132.6324462890625,288.1875915527344,0.28686171770095825,1148.593994140625,408.2528991699219,0.4309401214122772,,,0.0,,,0.0,,,0.0,,,0.0,824.4346313476562,432.53997802734375,0.35655757784843445
,33,2.3611233234405518,,,0.0,,,0.0,,,0.0,,,0.0,,,0.0,,,0.0,1300.526611328125,272.6070251464844,0.7058699131011963,1252.5435791015625,356.40692138671875,0.5212656259536743,,,0.0,,,0.0,,,0.0,,,0.0,796.7315673828125,440.54681396484375,0.22340889275074005
,34,3.2376556396484375,1273.281494140625,256.94793701171875,0.269758015871048,816.1690673828125,504.4834289550781,0.29146119952201843,804.050537109375,440.32537841796875,0.23538891971111298,,,0.0,,,0.0,,,0.0,1284.3726806640625,256.9218444824219,0.6204460859298706,1244.7449951171875,368.92828369140625,0.8548223376274109,1012.263671875,464.9331359863281,0.21676091849803925,,,0.0,,,0.0,,,0.0,780.4971313476562,440.4029541015625,0.31796425580978394
,35,3.9242794513702393,1272.9671630859375,280.7029724121094,0.30510973930358887,804.6795043945312,511.8027038574219,0.3769727349281311,792.25439453125,440.7972412109375,0.3778058588504791,,,0.0,,,0.0,828.4203491210938,480.5,0.21680694818496704,1284.425537109375,273.1952209472656,0.6879863739013672,1236.2100830078125,400.4461669921875,0.9320354461669922,996.576171875,467.9292907714844,0.2431585043668747,,,0.0,,,0.0,,,0.0,757.16455078125,456.6034851074219,0.34815290570259094
,36,4.456670761108398,1272.8770751953125,308.7809143066406,0.441000372171402,788.6458129882812,512.3425903320312,0.5446423888206482,780.5535888671875,444.59576416015625,0.43464797735214233,,,0.0,,,0.0,812.6233520507812,488.9001770019531,0.3580334186553955,1284.7645263671875,301.490478515625,0.5971546769142151,1232.6142578125,412.59869384765625,0.6905748248100281,984.6686401367188,468.8677673339844,0.29418644309043884,,,0.0,1287.8343505859375,300.60687255859375,0.24451576173305511,876.3953247070312,452.2085876464844,0.21351180970668793,744.7218627929688,472.1919860839844,0.40998193621635437
,37,4.606537818908691,1260.86669921875,321.0313720703125,0.34763088822364807,776.48193359375,512.816162109375,0.5453415513038635,768.8238525390625,448.445068359375,0.3983767330646515,,,0.0,,,0.0,807.962646484375,492.8980712890625,0.33398354053497314,1268.8675537109375,324.1676940917969,0.7269612550735474,1216.3875732421875,408.8750305175781,0.7448456287384033,972.9832153320312,476.35919189453125,0.3307649493217468,,,0.0,,,0.0,864.3309936523438,456.8293151855469,0.22328105568885803,736.2188110351562,472.5682373046875,0.46326687932014465
,38,4.78639030456543,,,0.0,768.6484375,516.1837768554688,0.4738260507583618,764.2583618164062,452.2554931640625,0.42170193791389465,,,0.0,1039.96728515625,448.18060302734375,0.27617311477661133,799.929443359375,496.8799133300781,0.2615467309951782,1264.5003662109375,340.5645446777344,0.8596810698509216,1200.3001708984375,401.16217041015625,0.7980673313140869,968.4608764648438,480.88714599609375,0.3867003321647644,,,0.0,889.0407104492188,612.8788452148438,0.5108191967010498,856.2184448242188,457.5298156738281,0.2441515177488327,728.4964599609375,476.18756103515625,0.36475616693496704
,39,4.271323204040527,,,0.0,764.6306762695312,512.4434814453125,0.2513919770717621,756.5303955078125,448.981689453125,0.29795020818710327,,,0.0,1027.807373046875,460.58636474609375,0.2822275757789612,,,0.0,1240.732666015625,324.6352233886719,1.0839018821716309,1192.796630859375,397.1438903808594,0.7379760146141052,960.7150268554688,487.8326110839844,0.30124741792678833,,,0.0,888.00927734375,612.3041381835938,0.5383389592170715,,,0.0,724.9812622070312,452.47735595703125,0.27381691336631775
,40,3.46553897857666,1228.53759765625,300.538818359375,0.4193108379840851,,,0.0,,,0.0,,,0.0,1028.2833251953125,468.93255615234375,0.30481699109077454,,,0.0,1228.554931640625,301.5037841796875,0.32475540041923523,1188.059814453125,404.260498046875,0.7913103699684143,952.4807739257812,491.86138916015625,0.37099993228912354,,,0.0,883.4848022460938,608.718017578125,0.29938021302223206,,,0.0,720.610595703125,447.64776611328125,0.27869513630867004
,41,3.5450403690338135,1224.277099609375,296.38909912109375,0.2645969092845917,752.4691162109375,508.4361572265625,0.23927165567874908,,,0.0,,,0.0,1020.6278076171875,472.4059143066406,0.28419560194015503,,,0.0,1220.2235107421875,296.4931945800781,0.39075371623039246,1184.0714111328125,424.42767333984375,0.8252745866775513,944.451904296875,492.8079528808594,0.38157641887664795,,,0.0,860.2680053710938,592.26513671875,0.2636309564113617,,,0.0,712.6810913085938,448.00994873046875,0.3363387882709503
,42,4.420139789581299,1208.9208984375,320.25762939453125,0.3633955121040344,744.26416015625,516.5448608398438,0.2501331567764282,728.722412109375,452.2787170410156,0.4207698106765747,,,0.0,1020.6304321289062,456.18206787109375,0.3594825565814972,764.5640869140625,492.9974670410156,0.3510766625404358,1212.9779052734375,315.7066345214844,0.5056599378585815,1183.7017822265625,444.88006591796875,0.7035341858863831,936.6724243164062,487.7682800292969,0.20078839361667633,,,0.0,864.7274169921875,584.3517456054688,0.564329206943512,824.0502319335938,457.1097412109375,0.20822197198867798,696.7343139648438,460.7290954589844,0.31973913311958313
,43,5.229496002197266,1204.5933837890625,348.3477478027344,0.3140062987804413,724.593994140625,524.392333984375,0.4565686583518982,716.1491088867188,456.6977844238281,0.5124371647834778,,,0.0,1004.1245727539062,444.5806579589844,0.38601043820381165,748.4261474609375,497.130126953125,0.42451944947242737,1208.3685302734375,344.8664855957031,0.7501010894775391,1160.544189453125,447.8214416503906,0.5798276662826538,920.3455810546875,484.5965881347656,0.2683430016040802,,,0.0,864.4052734375,576.4796752929688,0.8071656227111816,808.3702392578125,461.1671447753906,0.27976465225219727,680.6868286132812,476.4678039550781,0.2622286379337311
,44,4.3962907791137695,1192.829833984375,364.3016052246094,0.3042105436325073,712.5392456054688,524.393798828125,0.6017442941665649,704.6716918945312,456.35064697265625,0.45832738280296326,,,0.0,980.6156616210938,460.473876953125,0.24487417936325073,744.162109375,500.1458435058594,0.29562485218048096,1196.568359375,364.0725402832031,0.5267183184623718,1152.5076904296875,416.53363037109375,0.6677341461181641,904.9265747070312,492.5992431640625,0.24473585188388824,,,0.0,848.8609619140625,580.5340576171875,0.27921247482299805,800.1550903320312,468.45599365234375,0.27230557799339294,676.0099487304688,460.3767395019531,0.24935859441757202
,45,4.0084757804870605,1196.5013427734375,340.42236328125,0.21799875795841217,696.5740356445312,516.435791015625,0.27094581723213196,691.8206787109375,451.98675537109375,0.25900331139564514,,,0.0,964.86572265625,472.4562072753906,0.37907642126083374,,,0.0,1192.58349609375,352.58453369140625,0.8190003037452698,1132.7650146484375,404.2836608886719,0.6630634665489197,888.8049926757812,496.7329406738281,0.30490055680274963,,,0.0,,,0.0,784.5760498046875,468.05609130859375,0.3463844954967499,660.338134765625,476.7967834472656,0.2299933135509491
,46,3.0901031494140625,1156.102783203125,324.8947448730469,0.25657913088798523,684.1844482421875,508.8184509277344,0.3538280427455902,672.6715698242188,444.3192443847656,0.22418683767318726,,,0.0,953.0115356445312,476.191162109375,0.34333840012550354,,,0.0,,,0.0,1124.152587890625,420.66058349609375,0.8086815476417542,864.3843994140625,496.8359069824219,0.2840029001235962,,,0.0,,,0.0,,,0.0,644.0951538085938,443.96826171875,0.22346055507659912
,47,4.461678504943848,1160.2708740234375,328.8760070800781,0.28517404198646545,664.7959594726562,511.9231872558594,0.5557217597961426,652.7759399414062,443.94342041015625,0.2668648362159729,,,0.0,948.5253295898438,468.5556335449219,0.27702659368515015,688.7122192382812,489.1587829589844,0.33349400758743286,1156.594970703125,329.08929443359375,0.4027268886566162,1116.9493408203125,452.6305236816406,0.5300893783569336,856.546142578125,493.2520446777344,0.3381634056568146,,,0.0,780.2677001953125,580.114501953125,0.5587067604064941,748.6492309570312,456.7906188964844,0.4569149911403656,624.4954833984375,472.9388427734375,0.26529768109321594
,48,4.475191116333008,1132.6190185546875,367.9213562011719,0.22987443208694458,648.2703247070312,512.66064453125,0.44746047258377075,632.3949584960938,444.3843078613281,0.3614591360092163,,,0.0,932.3051147460938,453.1865234375,0.22298552095890045,668.6458129882812,492.80462646484375,0.48376747965812683,1140.4393310546875,363.778076171875,0.7106700539588928,1092.349609375,454.0172424316406,0.30876702070236206,836.9080200195312,484.8363342285156,0.21420438587665558,,,0.0,776.4524536132812,568.0092163085938,0.5733330249786377,728.7010498046875,457.251220703125,0.3999350965023041,604.9644165039062,480.51263427734375,0.24864794313907623
,49,4.783037185668945,,,0.0,628.4093627929688,515.926513671875,0.4907788634300232,612.3757934570312,444.66387939453125,0.3695330023765564,,,0.0,904.7711791992188,456.41973876953125,0.3319719433784485,648.7841796875,492.93719482421875,0.49549198150634766,1128.1806640625,384.9818420410156,0.9183155298233032,1060.6287841796875,440.19464111328125,0.6036376357078552,816.7979125976562,484.976806640625,0.42331019043922424,,,0.0,756.4933471679688,564.5213623046875,0.3776825964450836,704.2293090820312,460.4391174316406,0.2958732545375824,,,0.0
,50,4.406303405761719,,,0.0,608.0450439453125,512.5798950195312,0.2674998939037323,593.1024169921875,448.239990234375,0.41825851798057556,,,0.0,880.5664672851562,464.55511474609375,0.42332255840301514,632.0810546875,489.2265625,0.4831475615501404,1131.6998291015625,492.342041015625,0.5124417543411255,1044.6458740234375,420.44451904296875,0.6706083416938782,800.4055786132812,488.53302001953125,0.38854944705963135,,,0.0,736.23876953125,564.896240234375,0.25666943192481995,680.705078125,460.1073303222656,0.3332653045654297,557.1800537109375,472.53289794921875,0.2677967846393585
,51,5.216934680938721,1084.2652587890625,340.86102294921875,0.23650118708610535,584.542236328125,512.3267822265625,0.45158958435058594,580.048095703125,444.5036926269531,0.42476606369018555,,,0.0,864.5245971679688,468.8887939453125,0.6349464058876038,616.3549194335938,488.1314392089844,0.46801504492759705,1080.4510498046875,352.1997985839844,0.6383680701255798,1028.0679931640625,416.41314697265625,0.7997555732727051,780.76953125,496.1256408691406,0.4545575678348541,,,0.0,715.9654541015625,572.2705688476562,0.23439638316631317,668.53125,456.7862548828125,0.3832663595676422,541.3741455078125,464.69110107421875,0.33376577496528625
,52,5.61702823638916,1088.4107666015625,336.6911926269531,0.3269864022731781,568.8203125,508.4815673828125,0.4752320349216461,568.2418823242188,440.5020751953125,0.6183604598045349,636.309814453125,524.1295166015625,0.2126416265964508,852.71435546875,472.7859802246094,0.5358690023422241,600.1426391601562,484.62249755859375,0.45838311314582825,1073.0089111328125,344.56597900390625,0.39432427287101746,1016.79052734375,420.43914794921875,0.7144221067428589,768.5858154296875,496.9468994140625,0.6017229557037354,,,0.0,696.1432495117188,576.3565063476562,0.20754693448543549,656.7346801757812,456.2900695800781,0.46722087264060974,528.3768310546875,460.5938720703125,0.5400486588478088
,53,6.275427341461182,1072.5023193359375,336.50335693359375,0.21359698474407196,556.5084838867188,504.515625,0.3200877904891968,552.8435668945312,436.7746276855469,0.6105743050575256,616.8101196289062,524.0203247070312,0.4077881872653961,844.6240844726562,472.7377624511719,0.721568763256073,584.4423828125,484.10052490234375,0.32348042726516724,1084.00390625,344.2215270996094,0.5930251479148865,1015.9036865234375,428.30206298828125,0.6826637387275696,756.7774047851562,496.66534423828125,0.5622424483299255,,,0.0,664.1996459960938,588.9771728515625,0.7197518348693848,644.5349731445312,455.9806213378906,0.515567421913147,516.4111938476562,460.4186706542969,0.5223322510719299
,54,6.394650936126709,1060.5914306640625,352.53778076171875,0.28773054480552673,548.1419677734375,504.3266296386719,0.25977274775505066,544.0620727539062,436.22784423828125,0.6160921454429626,608.3179321289062,524.1220092773438,0.3798813223838806,836.6763305664062,468.32275390625,0.6544781923294067,576.0565185546875,480.9969482421875,0.33274543285369873,1071.8780517578125,347.98895263671875,0.6650542616844177,1008.2014770507812,440.74169921875,0.7267552614212036,748.6524658203125,496.389404296875,0.46434667706489563,,,0.0,648.460693359375,588.5695190429688,0.763752281665802,636.245361328125,452.79144287109375,0.5701434016227722,504.3089599609375,456.74066162109375,0.6003059148788452
,55,5.882976531982422,1061.871337890625,380.7057800292969,0.23742598295211792,540.387451171875,500.90972900390625,0.3010784983634949,532.9605102539062,432.758056640625,0.562140166759491,600.7344360351562,520.6510620117188,0.36587443947792053,828.6607055664062,464.0751953125,0.5365297794342041,564.759033203125,480.7265930175781,0.319870263338089,1076.21044921875,376.16668701171875,0.9075268507003784,996.458984375,448.2846984863281,0.6410301923751831,740.3265991210938,488.8619384765625,0.43012723326683044,,,0.0,644.0413818359375,588.3087768554688,0.3911575973033905,627.9837646484375,452.1374206542969,0.5281168222427368,493.3450927734375,456.4640197753906,0.5358598828315735
,56,5.345484256744385,,,0.0,,,0.0,528.4404907226562,432.1930236816406,0.5030837655067444,592.4190063476562,516.9782104492188,0.30593961477279663,820.3372802734375,460.4093322753906,0.4424893856048584,560.2818603515625,480.2186584472656,0.3242776691913605,1064.7716064453125,400.5880126953125,0.721969485282898,980.6124877929688,444.2351989746094,0.7311720252037048,732.30029296875,488.6650085449219,0.4235086739063263,,,0.0,628.7885131835938,584.8245239257812,0.4874137341976166,620.1776733398438,448.7280578613281,0.47087424993515015,489.1528015136719,456.3090515136719,0.5011467933654785
,57,5.03784704208374,,,0.0,501.17730712890625,480.66796875,0.2112051099538803,523.9526977539062,428.8114929199219,0.4930487871170044,588.1198120117188,516.7916259765625,0.27314430475234985,812.8074951171875,460.2762756347656,0.38314899802207947,556.1760864257812,476.8106689453125,0.30476072430610657,1060.1456298828125,408.0377197265625,0.6376299262046814,968.767822265625,436.3518981933594,0.7640633583068848,724.7398071289062,485.03729248046875,0.4306494891643524,,,0.0,624.858154296875,584.6009521484375,0.5394783020019531,616.021484375,448.1808166503906,0.3675706386566162,484.9815368652344,456.3406066894531,0.3647550642490387
,58,4.659236431121826,,,0.0,504.45196533203125,484.4673767089844,0.22835493087768555,516.0257568359375,428.65087890625,0.5008286833763123,580.5888671875,515.9732055664062,0.32379937171936035,808.246337890625,457.151123046875,0.46042293310165405,548.1700439453125,473.08160400390625,0.34147635102272034,1052.310791015625,392.5237731933594,0.626855731010437,964.433349609375,432.52252197265625,0.5702096223831177,720.5355224609375,484.9886779785156,0.4126617908477783,,,0.0,616.8477172851562,584.8192138671875,0.2902505695819855,608.5241088867188,445.2225646972656,0.38649752736091614,477.2571716308594,448.5015563964844,0.26243770122528076
,59,5.565722942352295,1025.9332275390625,365.08447265625,0.28908032178878784,504.7027893066406,488.059326171875,0.3099285960197449,512.3045654296875,424.4455871582031,0.5686359405517578,576.3956298828125,512.8943481445312,0.2782076597213745,804.2931518554688,456.53057861328125,0.4621219038963318,540.5906982421875,472.0516052246094,0.3328598141670227,1052.28955078125,380.4299011230469,0.5037198662757874,960.3197631835938,432.62652587890625,0.7348020076751709,716.6323852539062,484.6010437011719,0.45034125447273254,,,0.0,615.9420166015625,592.8479614257812,0.7528254389762878,604.487060546875,444.2638854980469,0.3847942352294922,472.8596496582031,444.7640686035156,0.38180047273635864
,60,5.170655727386475,1033.0477294921875,361.56658935546875,0.3618669807910919,500.61077880859375,484.3987121582031,0.34919726848602295,508.7730407714844,424.1529846191406,0.5963556170463562,575.9440307617188,516.2103881835938,0.25229567289352417,804.0784912109375,456.45391845703125,0.3530023694038391,536.6533203125,468.2773742675781,0.32316097617149353,1048.306884765625,372.7070617675781,0.48669737577438354,960.3602294921875,432.4933776855469,0.7158716917037964,712.6939086914062,480.8169860839844,0.49618417024612427,,,0.0,612.144775390625,581.1282958984375,0.3081241548061371,604.091064453125,440.9401550292969,0.35739389061927795,472.35980224609375,440.8392639160156,0.4560360610485077
,61,5.956485748291016,1032.87060546875,356.939697265625,0.3039976954460144,504.3032531738281,484.69903564453125,0.36180683970451355,508.7320556640625,420.6201171875,0.6325907707214355,576.0897216796875,515.8726806640625,0.26613467931747437,800.8488159179688,456.1325378417969,0.34588101506233215,540.2073974609375,465.15966796875,0.35394829511642456,1040.6181640625,364.7001953125,0.7117708325386047,960.1358032226562,432.7796630859375,0.7588868737220764,712.7750854492188,480.3481140136719,0.47746264934539795,,,0.0,608.8980712890625,576.981689453125,0.6912559270858765,604.0869750976562,437.2043762207031,0.3929615914821625,469.0468444824219,440.5549621582031,0.5522739887237549
,62,6.10905647277832,,,0.0,508.34307861328125,484.96490478515625,0.36625728011131287,508.86895751953125,420.4478454589844,0.6264793276786804,576.0064697265625,512.6268920898438,0.2853523790836334,804.0034790039062,452.6655578613281,0.40551018714904785,540.5114135742188,468.0307312011719,0.36872202157974243,1040.6474609375,360.4985656738281,0.8478160500526428,964.0570068359375,436.4579162597656,0.724021315574646,716.28955078125,476.8652038574219,0.4378873109817505,,,0.0,624.5633544921875,576.6463012695312,0.6449064016342163,604.2702026367188,436.5911560058594,0.4566827416419983,469.1898193359375,440.5801696777344,0.6319957375526428
,63,5.763148307800293,,,0.0,512.578369140625,484.8274841308594,0.3742319643497467,509.0303649902344,420.043212890625,0.5622442960739136,580.3248901367188,512.1909790039062,0.3389829993247986,804.26904296875,452.1296691894531,0.433292031288147,543.9733276367188,464.76226806640625,0.4159083962440491,1063.990478515625,356.5921936035156,0.8969637751579285,968.07373046875,436.6102600097656,0.6614927649497986,716.6741333007812,476.2943115234375,0.4277511239051819,,,0.0,647.836669921875,572.7576904296875,0.2082013040781021,604.66064453125,436.107177734375,0.5017662048339844,472.5211486816406,440.6783447265625,0.6341352462768555
,64,6.113494396209717,,,0.0,520.095947265625,484.4907531738281,0.3949905037879944,512.6681518554688,416.2530517578125,0.5767440795898438,583.8770141601562,507.991455078125,0.3154323399066925,807.9740600585938,448.6883850097656,0.47469672560691833,544.867431640625,464.23028564453125,0.464685320854187,1064.530029296875,372.22845458984375,1.1438645124435425,968.5308227539062,432.9708251953125,0.688105583190918,720.3849487304688,472.8105773925781,0.4181402027606964,,,0.0,615.9661254882812,580.5785522460938,0.28969913721084595,608.3515625,432.7584228515625,0.5100101828575134,476.4004211425781,440.3040771484375,0.5483137965202332
,65,5.757619857788086,,,0.0,520.5089721679688,480.32647705078125,0.29327526688575745,516.5714111328125,412.74456787109375,0.5279560685157776,583.9591064453125,504.1405029296875,0.3524649739265442,808.5695190429688,448.3083190917969,0.4855983555316925,548.5272216796875,460.8369140625,0.4322052299976349,1064.4437255859375,384.5749816894531,0.9227965474128723,972.3578491210938,428.6649475097656,0.631721556186676,720.3904418945312,472.58258056640625,0.4318986237049103,,,0.0,620.6378173828125,568.7227783203125,0.48083287477493286,611.9985961914062,432.43109130859375,0.487275630235672,480.1444396972656,436.6533203125,0.45414024591445923
,66,5.558012008666992,,,0.0,528.3596801757812,476.5132751464844,0.2338189333677292,523.966552734375,408.681396484375,0.40429165959358215,588.378662109375,500.5802917480469,0.33555367588996887,808.6878662109375,444.6778259277344,0.595661461353302,556.802734375,460.1125793457031,0.4417116641998291,1064.15625,388.8304748535156,0.6243916153907776,972.6036376953125,420.5467224121094,0.6501433849334717,724.3652954101562,472.2875671386719,0.4972879886627197,,,0.0,624.04296875,568.3170776367188,0.6418373584747314,616.4491577148438,431.9913024902344,0.48004451394081116,488.17962646484375,436.4355163574219,0.4004012644290924
,67,5.936713218688965,,,0.0,532.48095703125,468.16156005859375,0.3565925359725952,531.6909790039062,404.3627014160156,0.34438708424568176,584.9137573242188,495.91021728515625,0.3275689482688904,816.1237182617188,444.3476257324219,0.7050373554229736,560.6630859375,449.21124267578125,0.361356645822525,1040.8939208984375,360.6322021484375,0.5932621955871582,972.63232421875,408.9247741699219,0.7058314681053162,728.2423706054688,472.18365478515625,0.5449060201644897,,,0.0,620.69580078125,564.1089477539062,0.7690579891204834,620.4658203125,428.08306884765625,0.49903956055641174,492.139404296875,420.6053466796875,0.39623528718948364
,68,6.2200093269348145,1060.615966796875,460.00225830078125,0.22831733524799347,540.4500122070312,456.4060363769531,0.20630702376365662,540.629150390625,392.14764404296875,0.26205408573150635,584.7056884765625,484.2056884765625,0.31240373849868774,820.4412841796875,448.56292724609375,0.7837595343589783,576.2023315429688,440.4616394042969,0.2609553933143616,1040.2181396484375,336.9855041503906,0.9127402305603027,972.6087646484375,408.120849609375,0.7870579361915588,732.3828125,472.52105712890625,0.6575084328651428,,,0.0,624.8861694335938,556.608642578125,0.960229754447937,628.637939453125,424.279052734375,0.43629783391952515,507.8846740722656,396.43597412109375,0.30516281723976135
,69,4.072473526000977,1063.5361328125,324.8046569824219,0.25274768471717834,,,0.0,,,0.0,652.3120727539062,420.9731140136719,0.22077150642871857,828.4381713867188,460.89410400390625,0.6358303427696228,,,0.0,1044.4244384765625,320.4956359863281,0.7068212628364563,972.6788330078125,404.9331970214844,0.705294132232666,736.8272705078125,476.7098083496094,0.5926397442817688,,,0.0,628.2272338867188,548.408935546875,0.7014387845993042,,,0.0,,,0.0
,70,3.596895694732666,,,0.0,,,0.0,,,0.0,,,0.0,820.6284790039062,476.8067626953125,1.0155116319656372,,,0.0,1023.993408203125,308.715576171875,0.9133269786834717,960.6654052734375,416.6822509765625,0.700921893119812,736.5643310546875,488.2779846191406,0.4859132170677185,,,0.0,,,0.0,,,0.0,,,0.0
,71,2.9014034271240234,,,0.0,,,0.0,,,0.0,,,0.0,808.450927734375,500.53485107421875,1.18458890914917,,,0.0,1008.318603515625,335.8039855957031,0.673651397228241,952.4711303710938,416.7440490722656,0.4147144556045532,728.501708984375,488.56170654296875,0.3012470304965973,,,0.0,,,0.0,,,0.0,,,0.0
,72,2.355569362640381,,,0.0,,,0.0,,,0.0,,,0.0,780.4112548828125,512.7781982421875,0.9125857353210449,,,0.0,,,0.0,936.2786865234375,464.1278991699219,0.4137151837348938,700.02099609375,396.4256286621094,0.2910566031932831,,,0.0,,,0.0,,,0.0,,,0.0
,73,2.3438727855682373,811.0077514648438,296.5763854980469,0.2019949108362198,,,0.0,,,0.0,,,0.0,772.681640625,508.5052185058594,0.6912848949432373,,,0.0,,,0.0,,,0.0,733.0801391601562,372.74761962890625,0.3680649995803833,,,0.0,699.9917602539062,448.7915344238281,0.2094978392124176,,,0.0,,,0.0
,74,3.13352108001709,831.9500122070312,272.8558044433594,0.28646522760391235,,,0.0,,,0.0,,,0.0,787.998291015625,484.6721496582031,0.3152628242969513,,,0.0,988.2327270507812,508.9345397949219,0.3272877037525177,908.473388671875,585.00634765625,0.5791235566139221,760.2860107421875,348.6990051269531,0.5043765306472778,,,0.0,724.9733276367188,420.9105529785156,0.36410003900527954,,,0.0,,,0.0
,75,2.6086413860321045,,,0.0,,,0.0,,,0.0,,,0.0,808.1851196289062,448.72540283203125,0.5097411870956421,,,0.0,,,0.0,840.5372924804688,259.6723937988281,0.2029842585325241,784.5025634765625,332.51361083984375,0.8257313370704651,,,0.0,843.9660034179688,252.15927124023438,0.27605175971984863,,,0.0,,,0.0
,76,3.086097240447998,981.2146606445312,505.49078369140625,0.2236032336950302,,,0.0,972.8762817382812,504.7304992675781,0.38510578870773315,,,0.0,837.1182861328125,229.17189025878906,0.2511356770992279,832.8389282226562,224.86805725097656,0.20661774277687073,281.1717834472656,677.4321899414062,0.24514299631118774,,,0.0,804.4161987304688,320.5727844238281,0.502153217792511,,,0.0,751.9544067382812,372.4070129394531,0.3902924656867981,964.08935546875,517.45361328125,0.20666491985321045,,,0.0
,77,2.1774749755859375,,,0.0,,,0.0,,,0.0,,,0.0,868.6798095703125,236.25531005859375,0.2705067992210388,,,0.0,996.6890258789062,389.1365051269531,1.018633484840393,,,0.0,,,0.0,,,0.0,,,0.0,,,0.0,,,0.0
,78,1.7643235921859741,,,0.0,,,0.0,,,0.0,,,0.0,807.9966430664062,396.3826599121094,0.2270471155643463,,,0.0,1172.369384765625,440.4816589355469,0.9350751042366028,,,0.0,,,0.0,,,0.0,,,0.0,,,0.0,,,0.0
,79,2.8308303356170654,,,0.0,,,0.0,,,0.0,,,0.0,,,0.0,,,0.0,728.8751220703125,285.08746337890625,1.0474140644073486,949.1232299804688,397.5605773925781,0.4198231101036072,,,0.0,,,0.0,808.3179321289062,440.3365478515625,0.531577467918396,,,0.0,,,0.0
,80,2.053231954574585,,,0.0,,,0.0,,,0.0,,,0.0,,,0.0,,,0.0,696.7565307617188,257.291015625,0.6851171255111694,,,0.0,708.6312866210938,360.59967041015625,0.7421231269836426,,,0.0,,,0.0,,,0.0,,,0.0
,81,3.643918037414551,736.3688354492188,284.033203125,0.6666769981384277,,,0.0,,,0.0,,,0.0,,,0.0,,,0.0,1136.23681640625,468.2241516113281,1.0985047817230225,1128.2039794921875,208.38755798339844,0.3329775929450989,1120.7969970703125,468.5946350097656,0.2225048691034317,,,0.0,595.4774780273438,492.5662536621094,0.33426132798194885,,,0.0,,,0.0
,82,2.942239999771118,544.739990234375,320.4122619628906,0.2680957615375519,,,0.0,,,0.0,492.6770935058594,580.6241455078125,0.2124577760696411,759.9164428710938,349.5523986816406,0.31346675753593445,,,0.0,947.7230834960938,500.704833984375,0.7031294107437134,,,0.0,484.89862060546875,368.4241638183594,0.296991229057312,1144.3392333984375,427.722900390625,0.20613622665405273,505.0348205566406,600.0631713867188,0.41541361808776855,,,0.0,,,0.0
,83,2.767338991165161,884.7542724609375,416.2170104980469,0.39355871081352234,853.0308227539062,540.9871215820312,0.24102343618869781,,,0.0,,,0.0,,,0.0,,,0.0,992.5859375,484.77093505859375,0.8668447136878967,,,0.0,,,0.0,1088.0679931640625,292.2947082519531,0.21217818558216095,,,0.0,,,0.0,,,0.0
,84,4.118780136108398,1032.1536865234375,496.6680603027344,0.2863226532936096,,,0.0,,,0.0,,,0.0,768.57177734375,227.61447143554688,0.26073238253593445,768.4944458007812,196.4644012451172,0.7355443239212036,1108.298583984375,316.2344970703125,1.0004957914352417,,,0.0,780.1882934570312,232.7356719970703,0.3321794867515564,,,0.0,312.76983642578125,328.90032958984375,0.5619766712188721,,,0.0,,,0.0
,85,4.009697914123535,252.46128845214844,311.081787109375,0.44076260924339294,248.46182250976562,540.625732421875,0.6864425539970398,,,0.0,,,0.0,,,0.0,,,0.0,1024.6246337890625,268.0643310546875,0.9423685669898987,636.5963745117188,532.3904418945312,0.33210158348083496,1132.3441162109375,244.35105895996094,0.24201169610023499,1156.3609619140625,440.5802001953125,0.24552352726459503,1028.65869140625,264.97900390625,0.5161771774291992,,,0.0,,,0.0
,86,4.271966457366943,305.53411865234375,288.216552734375,0.35240963101387024,200.50965881347656,320.5131530761719,0.3559209108352661,,,0.0,,,0.0,1204.7996826171875,196.4711151123047,0.2270355522632599,968.8064575195312,156.44586181640625,0.31183964014053345,940.148193359375,472.1429138183594,1.2936421632766724,924.4086303710938,344.47137451171875,0.5186091065406799,1128.9700927734375,216.51974487304688,0.4847416579723358,,,0.0,1004.959716796875,268.4006042480469,0.3494734764099121,,,0.0,,,0.0
,87,2.8728859424591064,269.0090637207031,271.9775085449219,0.2938697934150696,1044.97021484375,160.4136505126953,0.20525704324245453,,,0.0,,,0.0,1116.204833984375,168.1663818359375,0.28620755672454834,,,0.0,273.0943908691406,265.0552673339844,0.8795296549797058,528.481201171875,304.3587951660156,0.3381198048591614,1040.7445068359375,156.46923828125,0.26241424679756165,,,0.0,,,0.0,,,0.0,,,0.0
,88,3.187955379486084,252.67074584960938,467.792724609375,0.35860928893089294,,,0.0,,,0.0,,,0.0,1000.0726928710938,224.4552459716797,0.4912828207015991,996.130126953125,225.26573181152344,0.20448678731918335,564.2631225585938,524.512939453125,0.6640787124633789,452.81536865234375,332.12237548828125,0.3525383472442627,993.3212890625,224.6464080810547,0.22502225637435913,,,0.0,564.7042846679688,527.4242553710938,0.35785675048828125,,,0.0,,,0.0
,89,2.296995162963867,215.9486541748047,525.3558959960938,0.30855074524879456,,,0.0,,,0.0,,,0.0,,,0.0,,,0.0,192.25726318359375,463.9288330078125,0.7468541264533997,791.7315063476562,505.06201171875,0.330643892288208,,,0.0,,,0.0,323.4934997558594,340.3841247558594,0.23370814323425293,,,0.0,,,0.0
,90,2.349374532699585,820.2139282226562,276.9083557128906,0.3367724120616913,,,0.0,,,0.0,,,0.0,,,0.0,,,0.0,1124.313232421875,156.2363739013672,0.7505999207496643,372.9265441894531,377.3905334472656,0.3731054365634918,,,0.0,,,0.0,764.9912109375,472.2099609375,0.3390924632549286,,,0.0,,,0.0
,91,1.978739619255066,753.6165771484375,365.1604919433594,0.22756922245025635,,,0.0,,,0.0,,,0.0,,,0.0,,,0.0,1240.6141357421875,111.90962219238281,0.5547509789466858,1176.279052734375,181.6123046875,0.30010998249053955,1272.9888916015625,316.16705322265625,0.29981064796447754,405.3332214355469,624.995849609375,0.20583347976207733,,,0.0,,,0.0,,,0.0
,92,2.9005134105682373,345.0864562988281,431.94842529296875,0.4873986542224884,,,0.0,,,0.0,,,0.0,,,0.0,,,0.0,360.3000793457031,420.6889953613281,1.0705233812332153,1404.654541015625,404.4559326171875,0.4869808554649353,1265.2166748046875,328.444091796875,0.23295173048973083,,,0.0,,,0.0,,,0.0,,,0.0
,93,2.463240623474121,312.7885437011719,392.7599792480469,1.016908049583435,,,0.0,,,0.0,,,0.0,,,0.0,,,0.0,724.4116821289062,624.009765625,0.6150286793708801,,,0.0,,,0.0,936.2418823242188,304.64239501953125,0.21862614154815674,,,0.0,,,0.0,,,0.0
,94,2.0653746128082275,,,0.0,,,0.0,,,0.0,,,0.0,,,0.0,,,0.0,1252.019775390625,492.2105407714844,0.9961159825325012,,,0.0,1200.723876953125,371.6443786621094,0.206822469830513,,,0.0,,,0.0,,,0.0,,,0.0
,95,2.55018949508667,272.5197448730469,260.2176818847656,0.6355027556419373,,,0.0,,,0.0,,,0.0,,,0.0,,,0.0,1124.2376708984375,244.34359741210938,0.608119010925293,,,0.0,340.6404724121094,364.4361572265625,0.6411684155464172,,,0.0,,,0.0,,,0.0,,,0.0
,96,2.2653791904449463,200.88339233398438,266.2244873046875,0.3193705081939697,,,0.0,,,0.0,,,0.0,1204.305419921875,347.76800537109375,0.2039913386106491,,,0.0,1196.333251953125,248.9204864501953,0.8864791393280029,,,0.0,,,0.0,,,0.0,,,0.0,,,0.0,,,0.0
,97,3.3672268390655518,333.1077880859375,427.51300048828125,0.3980582058429718,160.3545379638672,344.4111633300781,0.7337120175361633,,,0.0,,,0.0,,,0.0,,,0.0,1304.1934814453125,480.7842102050781,1.0736268758773804,,,0.0,,,0.0,1272.6976318359375,449.0103454589844,0.21508333086967468,220.66070556640625,270.27459716796875,0.2103389948606491,,,0.0,,,0.0
,98,4.1058807373046875,284.29144287109375,432.57281494140625,0.7761613130569458,196.56565856933594,604.7381591796875,0.8219571113586426,,,0.0,201.05596923828125,420.5386962890625,0.25373464822769165,,,0.0,241.514404296875,587.914794921875,0.2781394124031067,640.4586181640625,328.1530456542969,0.5969914197921753,,,0.0,641.1765747070312,336.3759460449219,0.22303131222724915,,,0.0,195.27285766601562,241.3503875732422,0.22437578439712524,,,0.0,187.9961700439453,555.5364379882812,0.2974993884563446
,99,2.595487594604492,273.0960388183594,532.6384887695312,0.36700135469436646,,,0.0,,,0.0,,,0.0,,,0.0,,,0.0,1088.61767578125,232.0074462890625,0.8977678418159485,,,0.0,,,0.0,,,0.0,,,0.0,,,0.0,,,0.0
,100,1.718618392944336,216.4961700439453,532.9073486328125,0.24844716489315033,,,0.0,,,0.0,,,0.0,,,0.0,,,0.0,963.8345947265625,380.2149658203125,0.8015400767326355,,,0.0,,,0.0,,,0.0,,,0.0,,,0.0,,,0.0
,101,2.1182518005371094,155.24725341796875,488.1409912109375,0.2397846132516861,,,0.0,,,0.0,,,0.0,,,0.0,,,0.0,987.9092407226562,352.5057373046875,0.8725963830947876,,,0.0,1053.1474609375,413.09124755859375,0.2261621206998825,,,0.0,,,0.0,,,0.0,,,0.0
,102,1.8933316469192505,1225.1888427734375,517.2532348632812,0.27791523933410645,521.0192260742188,568.5892333984375,0.31162428855895996,1084.39892578125,404.70587158203125,0.2443213015794754,,,0.0,,,0.0,,,0.0,,,0.0,,,0.0,,,0.0,,,0.0,,,0.0,,,0.0,1052.7633056640625,436.1783142089844,0.2649809420108795
,103,2.621882915496826,,,0.0,1100.514892578125,472.401611328125,0.2745288908481598,1084.1705322265625,408.5826416015625,0.5468909740447998,,,0.0,,,0.0,1116.3577880859375,452.4249572753906,0.407642126083374,,,0.0,,,0.0,,,0.0,,,0.0,,,0.0,,,0.0,1052.6351318359375,441.1205749511719,0.38531115651130676
,104,2.9028637409210205,,,0.0,1103.95458984375,468.8905334472656,0.2311909943819046,1079.8988037109375,409.0997009277344,0.3561444580554962,,,0.0,1348.72607421875,356.5478515625,0.8377081155776978,,,0.0,384.53936767578125,393.22125244140625,0.4848613142967224,,,0.0,,,0.0,,,0.0,,,0.0,,,0.0,,,0.0
,105,3.9981725215911865,332.2135925292969,376.330322265625,0.37317925691604614,1101.3572998046875,464.1087951660156,0.29930591583251953,1083.7779541015625,405.3047790527344,0.3581750988960266,,,0.0,1340.1717529296875,372.1603088378906,0.29347869753837585,1132.7568359375,440.3783264160156,0.4436970055103302,1280.63134765625,500.1975402832031,1.089350700378418,,,0.0,,,0.0,,,0.0,1284.550048828125,492.3441467285156,0.29083019495010376,,,0.0,1056.63916015625,444.6351013183594,0.25465086102485657
,106,3.8732211589813232,284.5099182128906,368.36810302734375,0.46867701411247253,1123.0506591796875,428.8055114746094,0.2730006277561188,1087.704345703125,393.4294738769531,0.2111361026763916,,,0.0,,,0.0,1128.4891357421875,432.684814453125,0.3810847997665405,288.3391418457031,361.44134521484375,0.7989627718925476,,,0.0,312.7139892578125,448.484375,0.6813782453536987,,,0.0,,,0.0,1184.6138916015625,408.9825439453125,0.37769272923469543,,,0.0
,107,2.5735483169555664,264.8295593261719,448.46337890625,0.5283063650131226,135.99734497070312,628.8180541992188,0.5702446103096008,,,0.0,,,0.0,,,0.0,,,0.0,1304.441162109375,324.948974609375,0.6765838265419006,,,0.0,,,0.0,,,0.0,,,0.0,200.91566467285156,540.8500366210938,0.21453642845153809,,,0.0
,108,2.8416943550109863,197.46133422851562,588.9072875976562,0.26593124866485596,,,0.0,,,0.0,,,0.0,,,0.0,,,0.0,1248.342529296875,316.8389587402344,1.3568629026412964,,,0.0,1220.0626220703125,436.1068115234375,0.2106885313987732,,,0.0,,,0.0,144.47732543945312,436.5893859863281,0.5709218382835388,,,0.0
,109,2.7016847133636475,,,0.0,,,0.0,1161.2947998046875,352.6440734863281,0.2980058491230011,,,0.0,88.41755676269531,520.5025024414062,0.43106454610824585,84.19530487060547,516.2111206054688,0.5031701326370239,165.09706115722656,468.0625305175781,0.43745583295822144,,,0.0,76.76304626464844,512.45263671875,0.3108478784561157,,,0.0,,,0.0,,,0.0,,,0.0
,110,1.2405303716659546,1092.9600830078125,508.8922424316406,0.5757060050964355,,,0.0,,,0.0,,,0.0,,,0.0,,,0.0,1012.7644653320312,260.0212707519531,0.282830148935318,,,0.0,,,0.0,,,0.0,,,0.0,,,0.0,,,0.0
,111,2.364264965057373,1008.7919311523438,324.29473876953125,0.49049633741378784,,,0.0,,,0.0,,,0.0,,,0.0,,,0.0,1088.0838623046875,488.0216064453125,0.9649063348770142,,,0.0,,,0.0,,,0.0,,,0.0,,,0.0,,,0.0
,112,1.726797103881836,940.4934692382812,364.58465576171875,0.425566166639328,,,0.0,,,0.0,,,0.0,1352.29345703125,460.6214904785156,0.2636508047580719,,,0.0,868.7147827148438,252.73532104492188,0.3907986283302307,,,0.0,,,0.0,,,0.0,,,0.0,,,0.0,,,0.0
,113,2.2948050498962402,,,0.0,,,0.0,,,0.0,,,0.0,,,0.0,1308.751220703125,211.93858337402344,0.35855796933174133,868.156494140625,412.9247741699219,0.7267491817474365,,,0.0,1301.010009765625,300.56524658203125,0.23301726579666138,,,0.0,,,0.0,,,0.0,,,0.0
,114,1.5816295146942139,,,0.0,1291.9468994140625,176.32894897460938,0.3165262043476105,,,0.0,,,0.0,,,0.0,1297.63916015625,184.94456481933594,0.21390332281589508,,,0.0,,,0.0,1316.6912841796875,284.8074035644531,0.25877097249031067,,,0.0,1293.5108642578125,352.4676513671875,0.24689322710037231,,,0.0,,,0.0
,115,0.6426658630371094,,,0.0,,,0.0,,,0.0,,,0.0,,,0.0,,,0.0,,,0.0,,,0.0,,,0.0,,,0.0,,,0.0,,,0.0,1319.8701171875,176.27122497558594,0.25840863585472107
,118,1.2871294021606445,,,0.0,,,0.0,,,0.0,,,0.0,,,0.0,,,0.0,1276.322265625,603.8726196289062,0.36674994230270386,,,0.0,,,0.0,,,0.0,,,0.0,,,0.0,,,0.0
,119,2.5571346282958984,1256.9793701171875,260.9701843261719,0.24304437637329102,,,0.0,,,0.0,,,0.0,,,0.0,1184.688720703125,292.2972717285156,0.5613687634468079,1197.09814453125,216.67337036132812,0.3762970566749573,,,0.0,1132.83935546875,344.5240173339844,0.2870708107948303,,,0.0,1188.7833251953125,444.98614501953125,0.381043940782547,,,0.0,,,0.0
,120,3.211289167404175,1168.2542724609375,244.16549682617188,0.24923834204673767,,,0.0,,,0.0,,,0.0,1289.0205078125,456.96881103515625,0.24120214581489563,1056.5579833984375,345.0083923339844,0.3447326421737671,1044.99609375,223.68695068359375,0.8316128253936768,,,0.0,1072.2532958984375,344.3316650390625,0.2500871419906616,,,0.0,1045.6668701171875,217.60780334472656,0.38406452536582947,,,0.0,1093.722900390625,488.5789489746094,0.23519989848136902
,121,0.8890306949615479,,,0.0,985.7509765625,521.1217041015625,0.22919124364852905,,,0.0,,,0.0,,,0.0,,,0.0,1063.9166259765625,348.69891357421875,0.21685777604579926,,,0.0,,,0.0,,,0.0,,,0.0,,,0.0,,,0.0
,122,1.240687608718872,,,0.0,1036.02294921875,248.99676513671875,0.23017704486846924,,,0.0,,,0.0,,,0.0,,,0.0,,,0.0,1307.6195068359375,381.17047119140625,0.2994692027568817,,,0.0,,,0.0,,,0.0,,,0.0,,,0.0
,123,1.8036086559295654,836.2300415039062,421.2738342285156,0.2882858216762543,,,0.0,,,0.0,,,0.0,1188.2830810546875,408.89178466796875,0.27813464403152466,,,0.0,991.9501953125,528.3087768554688,0.4615720808506012,,,0.0,1181.48046875,364.5877990722656,0.30230483412742615,,,0.0,,,0.0,,,0.0,,,0.0
,124,2.0810747146606445,,,0.0,,,0.0,,,0.0,,,0.0,,,0.0,,,0.0,920.04052734375,544.6537475585938,0.38554680347442627,,,0.0,824.7363891601562,560.494873046875,0.3923013210296631,,,0.0,,,0.0,,,0.0,707.6023559570312,415.9508361816406,0.2855716049671173
,125,1.7068711519241333,1116.672119140625,477.5806579589844,0.2095361202955246,,,0.0,,,0.0,,,0.0,,,0.0,,,0.0,835.8768920898438,560.2575073242188,0.3310987055301666,,,0.0,835.550537109375,564.1257934570312,0.2153942584991455,,,0.0,,,0.0,,,0.0,,,0.0
,126,2.8753480911254883,844.677978515625,317.1243591308594,0.5531809329986572,,,0.0,,,0.0,,,0.0,,,0.0,,,0.0,820.47412109375,476.4481506347656,0.8964569568634033,829.304931640625,409.1025695800781,0.23169462382793427,820.353515625,452.252685546875,0.213834747672081,,,0.0,644.324462890625,472.2495422363281,0.22409917414188385,,,0.0,,,0.0
,127,3.972097873687744,772.2308959960938,436.2695617675781,0.3165520429611206,1215.9677734375,180.83795166015625,0.4271605610847473,,,0.0,648.1858520507812,352.0206604003906,0.45127663016319275,,,0.0,645.0075073242188,352.1274108886719,0.26364585757255554,636.5006103515625,352.8407287597656,0.6665301322937012,,,0.0,784.4609985351562,356.43951416015625,0.23301701247692108,,,0.0,644.5051879882812,348.8075866699219,0.7849493622779846,,,0.0,,,0.0
,128,1.6847881078720093,588.302001953125,304.9228820800781,0.437335342168808,,,0.0,,,0.0,,,0.0,,,0.0,,,0.0,732.8886108398438,348.982666015625,0.36411190032958984,,,0.0,,,0.0,,,0.0,,,0.0,,,0.0,1172.705810546875,228.471923828125,0.24238695204257965
,129,2.546436071395874,556.3189697265625,276.07843017578125,0.40936341881752014,920.1842041015625,549.0820922851562,0.34343716502189636,,,0.0,,,0.0,,,0.0,,,0.0,680.4720458984375,292.1073303222656,0.7675057649612427,,,0.0,,,0.0,,,0.0,,,0.0,,,0.0,,,0.0
,130,2.3769733905792236,980.8143310546875,467.0173645019531,0.302696168422699,,,0.0,,,0.0,,,0.0,,,0.0,,,0.0,1032.4927978515625,244.41017150878906,1.016018033027649,940.3374633789062,324.0015563964844,0.22409091889858246,,,0.0,,,0.0,,,0.0,,,0.0,,,0.0
,131,1.6385952234268188,908.3019409179688,492.8588562011719,0.41712430119514465,,,0.0,,,0.0,,,0.0,,,0.0,,,0.0,,,0.0,900.2818603515625,488.7976379394531,0.2323766052722931,,,0.0,,,0.0,900.7784423828125,488.3566589355469,0.23203632235527039,,,0.0,,,0.0
,132,1.462092638015747,361.94110107421875,364.9154968261719,0.21280847489833832,,,0.0,,,0.0,,,0.0,,,0.0,,,0.0,856.438720703125,480.44921875,0.5842859148979187,,,0.0,,,0.0,,,0.0,,,0.0,,,0.0,,,0.0
,133,1.3477803468704224,,,0.0,,,0.0,,,0.0,,,0.0,,,0.0,,,0.0,1040.325439453125,220.24795532226562,0.5261297225952148,,,0.0,1245.1151123046875,353.28375244140625,0.22038717567920685,,,0.0,,,0.0,,,0.0,,,0.0
,134,2.220010757446289,720.7604370117188,548.0029907226562,0.5440978407859802,,,0.0,,,0.0,,,0.0,,,0.0,,,0.0,960.3198852539062,280.5375061035156,0.8265734314918518,,,0.0,,,0.0,,,0.0,,,0.0,,,0.0,,,0.0
,135,2.1960461139678955,1187.8067626953125,300.311767578125,0.4673278033733368,,,0.0,,,0.0,,,0.0,,,0.0,,,0.0,1179.9776611328125,296.4588317871094,0.6472647786140442,,,0.0,,,0.0,,,0.0,1068.401611328125,376.89361572265625,0.20492886006832123,,,0.0,,,0.0
,136,3.0050556659698486,1052.75634765625,236.40945434570312,0.35969915986061096,,,0.0,,,0.0,,,0.0,,,0.0,,,0.0,336.7142028808594,460.5851135253906,1.3072751760482788,1144.1085205078125,604.3554077148438,0.44242188334465027,,,0.0,1156.5155029296875,584.8809204101562,0.22853021323680878,,,0.0,,,0.0,,,0.0
,137,2.104186534881592,665.1947021484375,457.7359924316406,0.2373373806476593,,,0.0,,,0.0,,,0.0,1436.0819091796875,471.9516296386719,0.25855007767677307,,,0.0,676.052001953125,472.5596923828125,0.7855387926101685,,,0.0,,,0.0,,,0.0,,,0.0,,,0.0,,,0.0
,138,2.2570056915283203,1008.6159057617188,232.26890563964844,0.5544565916061401,,,0.0,,,0.0,,,0.0,,,0.0,,,0.0,760.5038452148438,517.518798828125,0.37084174156188965,,,0.0,531.9404907226562,383.8600158691406,0.20576635003089905,,,0.0,,,0.0,,,0.0,,,0.0
,139,3.402742862701416,921.4518432617188,327.6719055175781,0.3427354097366333,,,0.0,,,0.0,,,0.0,,,0.0,,,0.0,688.43994140625,256.9463195800781,1.641991376876831,1179.681640625,564.2285766601562,0.5684106349945068,,,0.0,,,0.0,,,0.0,,,0.0,,,0.0
,140,2.8207662105560303,884.3599243164062,304.5080871582031,0.5391879081726074,,,0.0,,,0.0,,,0.0,,,0.0,,,0.0,1256.8017578125,268.4025573730469,1.0178871154785156,,,0.0,,,0.0,896.0256958007812,512.8439331054688,0.2005719542503357,876.9447631835938,289.63623046875,0.2852723300457001,,,0.0,,,0.0
,141,3.701836585998535,820.1553344726562,292.6725158691406,0.2657242715358734,792.4697265625,289.05712890625,0.23836755752563477,,,0.0,,,0.0,1320.05908203125,300.8462219238281,0.43469148874282837,,,0.0,800.5142822265625,280.75494384765625,1.1426523923873901,292.349365234375,563.876953125,0.44090136885643005,,,0.0,,,0.0,299.8715515136719,563.6389770507812,0.522248387336731,,,0.0,,,0.0
,142,2.324232816696167,,,0.0,,,0.0,,,0.0,,,0.0,1287.946044921875,324.38702392578125,0.29818853735923767,,,0.0,1153.00439453125,288.5614318847656,0.958430826663971,,,0.0,,,0.0,,,0.0,,,0.0,,,0.0,,,0.0
,143,1.78936767578125,704.5034790039062,437.62255859375,0.2475077360868454,,,0.0,,,0.0,,,0.0,,,0.0,,,0.0,1164.4407958984375,236.0652618408203,0.7129746675491333,,,0.0,,,0.0,,,0.0,,,0.0,,,0.0,,,0.0
,144,2.64689040184021,207.77748107910156,284.659912109375,0.5800082683563232,,,0.0,1237.00927734375,340.04925537109375,0.21092787384986877,,,0.0,,,0.0,,,0.0,1088.5281982421875,236.88095092773438,0.599047839641571,1044.0711669921875,371.815185546875,0.24152277410030365,,,0.0,,,0.0,203.62335205078125,285.6786193847656,0.2201220989227295,,,0.0,1264.7337646484375,312.70684814453125,0.22032839059829712
,145,2.5392727851867676,,,0.0,,,0.0,,,0.0,,,0.0,,,0.0,1172.24267578125,396.8880920410156,0.22814594209194183,408.71466064453125,417.20037841796875,0.9947665333747864,,,0.0,,,0.0,612.5404663085938,592.1093139648438,0.20121411979198456,,,0.0,,,0.0,,,0.0
,146,3.4815828800201416,,,0.0,1244.6312255859375,471.2175598144531,0.21754363179206848,,,0.0,,,0.0,,,0.0,,,0.0,1104.2098388671875,300.54058837890625,1.522406816482544,824.7476806640625,444.5408630371094,0.458317369222641,,,0.0,847.930419921875,451.4355773925781,0.22697268426418304,,,0.0,,,0.0,,,0.0
,147,4.1002373695373535,1028.3006591796875,248.60244750976562,0.27277567982673645,1035.2921142578125,265.2605285644531,0.2509497404098511,,,0.0,,,0.0,,,0.0,,,0.0,1036.3702392578125,264.8610534667969,1.935502529144287,,,0.0,,,0.0,,,0.0,1036.89404296875,260.9649658203125,0.7193844318389893,,,0.0,,,0.0
,148,2.7395434379577637,,,0.0,,,0.0,,,0.0,,,0.0,,,0.0,,,0.0,992.4810180664062,252.9420166015625,1.414299726486206,,,0.0,,,0.0,,,0.0,999.9667358398438,252.44757080078125,0.3976406753063202,,,0.0,,,0.0
,149,2.9013843536376953,,,0.0,1120.6378173828125,476.5123291015625,0.3131556510925293,,,0.0,1176.7779541015625,457.0494079589844,0.22829009592533112,,,0.0,,,0.0,1156.6314697265625,316.3674621582031,0.8986439108848572,,,0.0,,,0.0,,,0.0,,,0.0,1176.865234375,452.212646484375,0.5113597512245178,,,0.0
,150,2.9250235557556152,,,0.0,1096.982666015625,484.796875,0.4560931921005249,,,0.0,1165.05859375,473.3460388183594,0.277558296918869,,,0.0,,,0.0,1112.8514404296875,316.2327880859375,1.1854218244552612,,,0.0,,,0.0,,,0.0,,,0.0,,,0.0,,,0.0
,151,2.6645569801330566,1151.5013427734375,583.8919067382812,0.28206050395965576,1072.2908935546875,504.5350646972656,0.26654571294784546,,,0.0,,,0.0,,,0.0,,,0.0,1048.1016845703125,332.0934753417969,1.2163769006729126,,,0.0,,,0.0,,,0.0,,,0.0,,,0.0,,,0.0
,152,2.6932244300842285,1016.8654174804688,324.8738098144531,0.21624907851219177,,,0.0,,,0.0,,,0.0,,,0.0,,,0.0,1040.5362548828125,288.24481201171875,1.4479396343231201,,,0.0,,,0.0,,,0.0,1040.8143310546875,291.95086669921875,0.21100130677223206,,,0.0,,,0.0
,153,1.7039108276367188,,,0.0,,,0.0,,,0.0,,,0.0,1264.7349853515625,407.6844482421875,0.294625461101532,,,0.0,992.8980712890625,260.6266174316406,0.20677143335342407,,,0.0,1252.931884765625,400.3498229980469,0.2516818046569824,,,0.0,,,0.0,,,0.0,984.742919921875,484.73004150390625,0.26479628682136536
,154,1.019889235496521,,,0.0,,,0.0,,,0.0,,,0.0,1252.3997802734375,416.6637878417969,0.2614576518535614,,,0.0,,,0.0,,,0.0,,,0.0,,,0.0,,,0.0,,,0.0,,,0.0
,155,1.4249396324157715,,,0.0,,,0.0,,,0.0,,,0.0,1248.3555908203125,425.31683349609375,0.2501375377178192,,,0.0,1116.7694091796875,276.088623046875,0.40456879138946533,,,0.0,,,0.0,,,0.0,,,0.0,,,0.0,,,0.0
,156,1.0552895069122314,,,0.0,,,0.0,,,0.0,,,0.0,,,0.0,,,0.0,284.3286437988281,679.7866821289062,0.21873892843723297,,,0.0,,,0.0,,,0.0,,,0.0,,,0.0,,,0.0
,157,1.5817863941192627,,,0.0,1020.240478515625,504.434326171875,0.2530279755592346,,,0.0,,,0.0,,,0.0,,,0.0,284.2443542480469,677.0083618164062,0.3042333126068115,,,0.0,,,0.0,,,0.0,,,0.0,,,0.0,980.5025024414062,453.00506591796875,0.37865835428237915
,158,1.8842988014221191,1121.074462890625,557.5193481445312,0.23327943682670593,,,0.0,,,0.0,,,0.0,,,0.0,,,0.0,1125.4337158203125,561.406494140625,0.301360160112381,,,0.0,,,0.0,,,0.0,,,0.0,,,0.0,972.556396484375,453.0033874511719,0.40732499957084656
,159,1.9216411113739014,,,0.0,,,0.0,,,0.0,1036.7005615234375,515.6038818359375,0.22170060873031616,,,0.0,,,0.0,281.0006103515625,677.33740234375,0.3446526825428009,,,0.0,,,0.0,,,0.0,,,0.0,,,0.0,957.0492553710938,460.2166442871094,0.36162254214286804
,160,1.3822792768478394,,,0.0,,,0.0,,,0.0,,,0.0,,,0.0,,,0.0,280.7451171875,677.4393310546875,0.34394875168800354,,,0.0,,,0.0,,,0.0,,,0.0,,,0.0,968.4430541992188,452.10211181640625,0.262957364320755
,161,1.9228880405426025,,,0.0,,,0.0,,,0.0,,,0.0,,,0.0,,,0.0,284.8744201660156,680.2243041992188,0.4087633788585663,,,0.0,,,0.0,,,0.0,1112.409912109375,600.6455688476562,0.4795839786529541,,,0.0,956.8641967773438,448.70086669921875,0.3110181987285614
,162,1.5556751489639282,,,0.0,,,0.0,,,0.0,,,0.0,,,0.0,,,0.0,1311.7259521484375,348.5289611816406,0.3626432716846466,,,0.0,,,0.0,,,0.0,1120.05322265625,600.4808959960938,0.23829348385334015,,,0.0,957.1008911132812,439.87554931640625,0.22727267444133759
,163,1.5499193668365479,,,0.0,,,0.0,,,0.0,,,0.0,,,0.0,,,0.0,1288.4207763671875,353.1653137207031,0.6617988348007202,,,0.0,,,0.0,,,0.0,,,0.0,,,0.0,,,0.0
,164,0.8749728798866272,,,0.0,,,0.0,,,0.0,,,0.0,,,0.0,,,0.0,284.269287109375,677.2760620117188,0.3118979036808014,,,0.0,,,0.0,,,0.0,,,0.0,,,0.0,,,0.0
,165,0.7922601103782654,,,0.0,,,0.0,,,0.0,,,0.0,,,0.0,,,0.0,284.2044677734375,677.1791381835938,0.422831654548645,,,0.0,,,0.0,,,0.0,,,0.0,,,0.0,,,0.0
,166,0.9591275453567505,,,0.0,,,0.0,,,0.0,,,0.0,1240.70654296875,488.9302062988281,0.2732924520969391,,,0.0,280.9721374511719,677.270263671875,0.3497358560562134,,,0.0,,,0.0,,,0.0,,,0.0,,,0.0,,,0.0
,167,1.612557053565979,,,0.0,,,0.0,,,0.0,,,0.0,1232.582763671875,476.2434387207031,0.6135419011116028,,,0.0,284.02301025390625,677.0817260742188,0.39014315605163574,,,0.0,,,0.0,,,0.0,,,0.0,,,0.0,,,0.0
,168,2.5535717010498047,,,0.0,,,0.0,,,0.0,,,0.0,1196.833251953125,432.4208984375,0.46344196796417236,1004.4464721679688,404.58355712890625,0.23367656767368317,1412.6854248046875,388.27471923828125,0.5539351105690002,,,0.0,,,0.0,,,0.0,,,0.0,,,0.0,948.0645751953125,360.8756408691406,0.319499135017395
,169,2.5471243858337402,,,0.0,,,0.0,,,0.0,,,0.0,1196.6766357421875,416.19769287109375,0.554250955581665,999.5189819335938,400.7876892089844,0.2444666177034378,280.90655517578125,676.8527221679688,0.3240753412246704,,,0.0,1136.839599609375,443.6120910644531,0.23389612138271332,,,0.0,,,0.0,1056.6878662109375,384.63507080078125,0.2668888568878174,936.1849975585938,356.0587463378906,0.27075162529945374
,170,3.5415029525756836,,,0.0,948.5231323242188,408.5178527832031,0.24600359797477722,957.1807250976562,348.355712890625,0.2580699622631073,,,0.0,1212.4959716796875,408.362548828125,0.7414867877960205,992.619140625,396.75433349609375,0.24090854823589325,281.1202697753906,677.1356201171875,0.36878687143325806,,,0.0,1140.8028564453125,436.1653137207031,0.5524353981018066,,,0.0,,,0.0,1056.5113525390625,380.1182861328125,0.3276441991329193,932.1044921875,349.03302001953125,0.3140251338481903
,171,3.4887826442718506,,,0.0,948.5995483398438,408.8294982910156,0.44922301173210144,959.7685546875,347.9012145996094,0.31110385060310364,,,0.0,1224.31005859375,408.5766906738281,0.69832843542099,,,0.0,281.0966796875,677.0037841796875,0.3118078410625458,,,0.0,1144.2381591796875,432.56494140625,0.4028211236000061,,,0.0,,,0.0,1060.3309326171875,372.8680419921875,0.29934629797935486,928.779541015625,348.45025634765625,0.40418457984924316
,172,3.119551181793213,,,0.0,952.4413452148438,408.4428405761719,0.4659097492694855,960.5255126953125,344.63104248046875,0.35094133019447327,,,0.0,1225.0064697265625,412.8349304199219,0.3416925370693207,,,0.0,283.9095764160156,676.6312255859375,0.23448970913887024,,,0.0,1140.80908203125,428.2945556640625,0.36177119612693787,,,0.0,,,0.0,1060.515869140625,368.9336853027344,0.38223889470100403,928.8574829101562,348.33795166015625,0.4464203119277954
,173,2.420494794845581,,,0.0,956.7764282226562,404.04180908203125,0.33500418066978455,961.1570434570312,340.2223815917969,0.21929293870925903,,,0.0,1220.2841796875,408.0755310058594,0.3108447194099426,,,0.0,281.1492004394531,676.6959228515625,0.23419618606567383,,,0.0,,,0.0,,,0.0,,,0.0,1064.5125732421875,364.829833984375,0.3072059750556946,929.2030029296875,344.7635192871094,0.41867882013320923
,174,2.313232660293579,,,0.0,,,0.0,956.6500244140625,337.1159362792969,0.22440628707408905,,,0.0,1212.7066650390625,392.3193054199219,0.7101761102676392,,,0.0,,,0.0,,,0.0,,,0.0,,,0.0,,,0.0,1060.5986328125,360.0795593261719,0.2625367343425751,928.1780395507812,344.3182067871094,0.34834250807762146
,175,1.5432738065719604,,,0.0,,,0.0,,,0.0,,,0.0,1164.726318359375,348.43798828125,0.249890998005867,985.0505981445312,396.02862548828125,0.22019530832767487,281.42803955078125,676.958740234375,0.25331467390060425,,,0.0,,,0.0,,,0.0,,,0.0,,,0.0,,,0.0
,176,2.138209819793701,,,0.0,,,0.0,,,0.0,,,0.0,,,0.0,968.8245239257812,400.1007080078125,0.4067001938819885,281.12261962890625,676.4500732421875,0.3051486909389496,,,0.0,,,0.0,,,0.0,,,0.0,,,0.0,904.3806762695312,364.50323486328125,0.3208353817462921
,177,3.270137310028076,1064.2767333984375,307.78802490234375,0.2447519302368164,940.4505004882812,416.32879638671875,0.2591376304626465,925.1637573242188,356.52410888671875,0.31496018171310425,,,0.0,1196.38232421875,372.53094482421875,0.22567474842071533,964.0734252929688,396.9511413574219,0.3608981966972351,281.1654357910156,676.3116455078125,0.2410280704498291,,,0.0,1124.6455078125,400.40386962890625,0.6721747517585754,,,0.0,,,0.0,1028.423583984375,368.8670654296875,0.23840567469596863,904.6656494140625,356.5312805175781,0.4158390164375305
,178,2.231078863143921,,,0.0,,,0.0,912.88623046875,360.2038879394531,0.21167008578777313,,,0.0,,,0.0,952.5965576171875,396.5443115234375,0.2377462387084961,1196.587158203125,265.05706787109375,0.21711888909339905,1376.87060546875,256.6578369140625,0.23159527778625488,1116.5257568359375,404.9690856933594,0.2540064752101898,,,0.0,,,0.0,1028.3028564453125,368.4677734375,0.2111564427614212,888.68701171875,364.038818359375,0.2712845802307129
,179,3.0776968002319336,,,0.0,904.5885009765625,428.1941833496094,0.2912150025367737,896.6951904296875,361.20794677734375,0.22243623435497284,,,0.0,1160.845703125,388.2572937011719,0.34274017810821533,936.4542236328125,400.7117614746094,0.32306453585624695,1192.3646240234375,268.4695739746094,0.4129253625869751,,,0.0,1096.6978759765625,405.2424621582031,0.344158798456192,,,0.0,,,0.0,1008.2954711914062,369.1971740722656,0.25412628054618835,868.860107421875,368.66827392578125,0.36886945366859436
,180,4.022706031799316,1020.8598022460938,313.21868896484375,0.20005875825881958,892.4845581054688,432.2843322753906,0.24535398185253143,881.0849609375,368.739013671875,0.33160102367401123,,,0.0,1156.2528076171875,372.69366455078125,0.5302332639694214,920.4625244140625,412.6699523925781,0.39765268564224243,1360.541015625,240.55906677246094,0.6708958745002747,1324.4034423828125,352.9866027832031,0.2344069927930832,1092.5203857421875,401.03765869140625,0.38084858655929565,,,0.0,1011.4540405273438,519.8514404296875,0.25083768367767334,,,0.0,848.2610473632812,396.3517761230469,0.47066593170166016
,181,3.758066415786743,1008.2523193359375,317.6665954589844,0.2846112847328186,876.4749755859375,440.3348388671875,0.21240347623825073,871.9288940429688,384.5980529785156,0.2916831970214844,,,0.0,1136.2418212890625,372.46478271484375,0.2644726634025574,904.864990234375,424.03997802734375,0.24153630435466766,1340.638427734375,260.7591552734375,0.7714855670928955,1300.3448486328125,352.8377685546875,0.4299691915512085,1080.536865234375,400.9640197753906,0.440126895904541,,,0.0,,,0.0,972.2891845703125,381.1425476074219,0.23840557038784027,832.3968505859375,404.567138671875,0.417976438999176
,182,3.4325969219207764,,,0.0,860.9193725585938,440.3114013671875,0.3463357090950012,856.7434692382812,384.9052429199219,0.34886154532432556,,,0.0,1128.0135498046875,380.3594665527344,0.33035463094711304,888.7053833007812,428.37457275390625,0.4256892204284668,1160.4783935546875,225.13128662109375,0.5826123952865601,,,0.0,1068.552978515625,409.5849914550781,0.2869919538497925,,,0.0,,,0.0,956.5919799804688,388.9422302246094,0.2669972777366638,824.5913696289062,392.6992492675781,0.3363982141017914
,183,2.9010984897613525,,,0.0,,,0.0,,,0.0,,,0.0,1104.55078125,392.8502502441406,0.20094649493694305,880.772705078125,427.8250427246094,0.28129860758781433,1336.4991455078125,264.60235595703125,0.5716782212257385,1280.392333984375,324.172119140625,0.3210175037384033,1044.7503662109375,424.17578125,0.30385375022888184,,,0.0,,,0.0,,,0.0,816.5369873046875,392.69683837890625,0.3410891890525818
,184,3.8567354679107666,,,0.0,,,0.0,828.7737426757812,385.6517028808594,0.2096676230430603,,,0.0,1096.6715087890625,404.7747802734375,0.39091870188713074,,,0.0,1320.29736328125,241.08798217773438,0.595350980758667,1268.1097412109375,336.7973937988281,0.9069167375564575,1024.61279296875,432.7481384277344,0.37947922945022583,,,0.0,944.2030639648438,524.3541259765625,0.3319806754589081,,,0.0,804.6095581054688,392.5020446777344,0.3549591600894928
,185,4.560692310333252,,,0.0,,,0.0,824.0447998046875,384.718994140625,0.34542617201805115,,,0.0,,,0.0,860.7735595703125,428.251220703125,0.2654404044151306,1316.329345703125,240.84181213378906,1.0282872915267944,1260.489501953125,357.1382751464844,0.8458375334739685,1020.5894165039062,436.1982727050781,0.4901011884212494,,,0.0,940.2840576171875,528.5128173828125,0.4841361343860626,,,0.0,792.350341796875,396.4356994628906,0.398929625749588
,186,4.633990287780762,,,0.0,816.5296630859375,444.75189208984375,0.23173169791698456,816.9286499023438,387.91021728515625,0.4636281728744507,,,0.0,,,0.0,856.3839721679688,432.40997314453125,0.24284322559833527,1324.5015869140625,272.7222900390625,1.259535312652588,1268.25537109375,377.11456298828125,0.607510507106781,1020.5782470703125,433.02587890625,0.4942922294139862,,,0.0,1328.07861328125,272.715087890625,0.23663708567619324,,,0.0,784.3336791992188,408.4275817871094,0.42351195216178894
,187,4.355134963989258,1325.1463623046875,293.5715026855469,0.2000240534543991,816.537109375,456.1364440917969,0.39296606183052063,812.9610595703125,392.1119079589844,0.48294690251350403,,,0.0,1084.5386962890625,401.0148620605469,0.2541588544845581,848.7669677734375,436.89398193359375,0.29867199063301086,1324.7987060546875,304.6652526855469,1.1207195520401,1272.80517578125,380.5285949707031,0.226793110370636,1016.5338745117188,435.9712219238281,0.4292728006839752,,,0.0,,,0.0,,,0.0,777.22998046875,412.6089782714844,0.45372211933135986
,188,4.4350457191467285,,,0.0,816.3565673828125,456.70574951171875,0.4470582902431488,812.1585083007812,392.6365051269531,0.38381409645080566,,,0.0,1080.37255859375,412.22613525390625,0.3480728268623352,844.625732421875,440.3594055175781,0.29360532760620117,1324.5985107421875,320.943115234375,0.9535948634147644,1268.6351318359375,376.4618835449219,0.5195780396461487,1016.4229125976562,441.0130615234375,0.48664286732673645,,,0.0,,,0.0,904.33544921875,408.3404541015625,0.21979881823062897,776.4219360351562,412.43994140625,0.3808930814266205
,189,4.150697231292725,,,0.0,812.493408203125,456.17779541015625,0.35772091150283813,811.9624633789062,392.40850830078125,0.2913804352283478,,,0.0,1076.6170654296875,420.3238525390625,0.3922904133796692,844.82275390625,440.1455383300781,0.27932071685791016,1308.6661376953125,308.7865295410156,0.7439389228820801,1252.5845947265625,372.4158630371094,0.641779899597168,1008.6561889648438,448.6460266113281,0.5005518794059753,,,0.0,,,0.0,900.6655883789062,408.7868347167969,0.33434590697288513,776.0399780273438,404.6196594238281,0.3582724928855896
,190,4.7196502685546875,,,0.0,,,0.0,,,0.0,,,0.0,1072.3101806640625,428.5163269042969,0.5948062539100647,,,0.0,1316.6114501953125,304.52130126953125,1.016029953956604,1252.262451171875,372.7879943847656,0.8908126950263977,1004.4578857421875,452.7233581542969,0.4255306124687195,,,0.0,1316.3668212890625,301.2200622558594,0.24507224559783936,904.4794311523438,411.8493347167969,0.413777232170105,776.4335327148438,392.23046875,0.32684046030044556
,191,3.462589979171753,1308.917724609375,284.889404296875,0.2239568829536438,,,0.0,,,0.0,,,0.0,1068.4986572265625,436.07843017578125,0.5862846970558167,,,0.0,1320.3173828125,296.5110168457031,0.7442630529403687,1252.4539794921875,376.9769287109375,0.774078905582428,1000.322265625,453.3045959472656,0.2331477254629135,,,0.0,1324.1588134765625,296.5252990722656,0.315054327249527,,,0.0,,,0.0
,192,3.067077875137329,1292.829345703125,289.2873229980469,0.30751296877861023,,,0.0,,,0.0,,,0.0,1072.5023193359375,443.9495544433594,0.7186946272850037,,,0.0,1300.5802001953125,296.1631774902344,0.47972095012664795,1236.21142578125,384.9858093261719,1.0048772096633911,,,0.0,,,0.0,,,0.0,,,0.0,,,0.0
,193,2.973618984222412,,,0.0,,,0.0,,,0.0,,,0.0,1072.396484375,463.865234375,0.7194921970367432,,,0.0,1280.11962890625,288.4685363769531,0.8545381426811218,1220.075439453125,400.98809814453125,0.8363876342773438,,,0.0,,,0.0,,,0.0,,,0.0,,,0.0
,194,2.7458174228668213,,,0.0,,,0.0,,,0.0,,,0.0,1052.29248046875,488.2376403808594,0.9236258864402771,,,0.0,1240.572998046875,316.462646484375,0.8164091110229492,,,0.0,936.41552734375,400.6269226074219,0.49286627769470215,,,0.0,,,0.0,,,0.0,,,0.0
,195,2.292581081390381,,,0.0,,,0.0,,,0.0,,,0.0,1040.4703369140625,500.1729736328125,0.5517640709877014,,,0.0,1228.373291015625,380.92279052734375,0.4759694039821625,,,0.0,,,0.0,,,0.0,,,0.0,,,0.0,960.5137329101562,332.056396484375,0.3034076392650604
,196,1.465027928352356,,,0.0,,,0.0,,,0.0,,,0.0,1040.437744140625,488.7781677246094,0.2048037052154541,,,0.0,,,0.0,,,0.0,,,0.0,,,0.0,,,0.0,,,0.0,992.683837890625,311.9585876464844,0.3196559250354767
,197,3.175858497619629,,,0.0,1044.9859619140625,148.53707885742188,0.24864444136619568,1068.4752197265625,180.71697998046875,0.423593670129776,,,0.0,1059.53515625,321.5338134765625,0.27460622787475586,1052.111328125,328.5577697753906,0.27549853920936584,1272.7098388671875,364.682861328125,0.2036939412355423,1107.7449951171875,252.5144805908203,0.30275431275367737,1044.44384765625,332.521484375,0.5623762607574463,,,0.0,,,0.0,,,0.0,1028.2607421875,169.3304443359375,0.2700037360191345
,198,1.6296491622924805,,,0.0,,,0.0,,,0.0,,,0.0,,,0.0,,,0.0,,,0.0,,,0.0,1068.5869140625,304.5491943359375,0.7189579606056213,,,0.0,,,0.0,,,0.0,,,0.0
,199,1.3538808822631836,,,0.0,,,0.0,,,0.0,,,0.0,,,0.0,,,0.0,1188.5040283203125,232.50270080566406,0.29392796754837036,,,0.0,,,0.0,,,0.0,,,0.0,,,0.0,,,0.0
,200,1.6201845407485962,1224.087890625,380.2506408691406,0.4756109118461609,,,0.0,,,0.0,,,0.0,,,0.0,,,0.0,1300.5814208984375,296.5098876953125,0.22956357896327972,,,0.0,1300.5400390625,308.67169189453125,0.33021843433380127,,,0.0,,,0.0,,,0.0,,,0.0
,201,1.7055960893630981,,,0.0,,,0.0,,,0.0,,,0.0,1076.05615234375,292.2293395996094,0.5403190851211548,,,0.0,,,0.0,,,0.0,1036.906982421875,368.87255859375,0.41036343574523926,,,0.0,,,0.0,,,0.0,,,0.0
,202,1.7795687913894653,,,0.0,,,0.0,,,0.0,,,0.0,,,0.0,,,0.0,996.564208984375,228.90713500976562,0.9705637693405151,,,0.0,,,0.0,,,0.0,,,0.0,,,0.0,,,0.0
,203,2.6256396770477295,952.2915649414062,327.1959228515625,0.24800118803977966,,,0.0,,,0.0,,,0.0,1072.20654296875,427.9794921875,0.46810027956962585,,,0.0,940.2625122070312,324.2408142089844,0.5445652008056641,1356.486083984375,168.92689514160156,0.26222681999206543,968.1370239257812,448.9282531738281,0.2935643196105957,,,0.0,,,0.0,,,0.0,,,0.0
,204,2.3473622798919678,,,0.0,,,0.0,,,0.0,,,0.0,,,0.0,,,0.0,,,0.0,1147.894775390625,396.53582763671875,0.34639477729797363,888.4907836914062,344.11126708984375,0.3373051881790161,,,0.0,880.1575317382812,540.61962890625,0.6221941709518433,,,0.0,,,0.0
,205,1.9142074584960938,,,0.0,,,0.0,,,0.0,,,0.0,,,0.0,,,0.0,1223.8353271484375,504.4000549316406,0.6872786283493042,,,0.0,,,0.0,,,0.0,763.74560546875,543.3949584960938,0.28251704573631287,,,0.0,,,0.0
,206,1.5720641613006592,,,0.0,,,0.0,,,0.0,,,0.0,,,0.0,,,0.0,808.5109252929688,204.53390502929688,0.46261289715766907,,,0.0,720.0147094726562,448.4689636230469,0.23489616811275482,,,0.0,,,0.0,,,0.0,,,0.0
,207,1.2681666612625122,735.6495361328125,356.2742004394531,0.3954572379589081,,,0.0,,,0.0,,,0.0,,,0.0,,,0.0,,,0.0,,,0.0,,,0.0,,,0.0,,,0.0,,,0.0,,,0.0
,208,2.173720598220825,964.0868530273438,232.40640258789062,0.23474332690238953,,,0.0,,,0.0,,,0.0,,,0.0,,,0.0,1260.7283935546875,108.62964630126953,0.8702373504638672,1300.1224365234375,288.817626953125,0.2936164438724518,,,0.0,,,0.0,1296.3443603515625,288.68914794921875,0.21504975855350494,,,0.0,,,0.0
,209,1.5522128343582153,1015.8890991210938,252.50601196289062,0.36843860149383545,,,0.0,,,0.0,,,0.0,1084.762451171875,400.2178649902344,0.33489739894866943,,,0.0,,,0.0,,,0.0,,,0.0,,,0.0,,,0.0,,,0.0,,,0.0
,210,2.950380563735962,620.1073608398438,393.1979064941406,0.6556390523910522,,,0.0,,,0.0,,,0.0,1264.8721923828125,208.40391540527344,0.3428226411342621,,,0.0,617.3137817382812,280.69805908203125,0.43876883387565613,763.8662719726562,560.0489501953125,0.2632962763309479,1220.5125732421875,204.43685913085938,0.436698317527771,828.22412109375,512.3905029296875,0.20233243703842163,616.3300170898438,397.3389587402344,0.3240463435649872,,,0.0,,,0.0
,211,2.2822537422180176,,,0.0,,,0.0,,,0.0,,,0.0,1236.2568359375,232.02243041992188,0.28088030219078064,,,0.0,708.7766723632812,284.7093200683594,0.6478856205940247,992.8392333984375,465.1754150390625,0.5101343989372253,,,0.0,,,0.0,,,0.0,,,0.0,,,0.0
,212,1.890524983406067,312.02655029296875,444.7945251464844,0.49384617805480957,,,0.0,,,0.0,,,0.0,,,0.0,,,0.0,513.063720703125,321.079345703125,0.6982832551002502,1192.3885498046875,304.7356872558594,0.24085640907287598,,,0.0,,,0.0,,,0.0,,,0.0,,,0.0
,213,2.6281611919403076,260.8691711425781,412.347900390625,0.6313210725784302,,,0.0,,,0.0,,,0.0,,,0.0,,,0.0,392.53680419921875,444.7838134765625,1.1255426406860352,,,0.0,,,0.0,,,0.0,,,0.0,,,0.0,,,0.0
,214,2.6117820739746094,312.490234375,443.8199768066406,0.31316816806793213,,,0.0,,,0.0,,,0.0,,,0.0,,,0.0,1172.742431640625,343.8785705566406,0.6349019408226013,1169.404052734375,337.79034423828125,0.2295478731393814,1116.131591796875,176.17105102539062,0.2279825657606125,,,0.0,297.16522216796875,553.7742919921875,0.3920752704143524,1051.8165283203125,232.74301147460938,0.2609999477863312,,,0.0
,215,2.2656021118164062,357.2232666015625,396.6885986328125,0.21858300268650055,997.3580932617188,460.77008056640625,0.2937854528427124,,,0.0,,,0.0,,,0.0,,,0.0,328.129150390625,308.1109313964844,0.5211797952651978,,,0.0,,,0.0,680.4979248046875,461.2887878417969,0.2062087506055832,1061.01318359375,408.94879150390625,0.28193578124046326,,,0.0,,,0.0
,216,4.124642372131348,1192.5740966796875,240.50567626953125,0.4987858533859253,972.8906860351562,448.5420227050781,0.27675387263298035,1044.53369140625,404.59991455078125,0.302204430103302,1096.0960693359375,448.10833740234375,0.25370287895202637,,,0.0,,,0.0,608.4686279296875,468.2738952636719,0.9277680516242981,,,0.0,,,0.0,,,0.0,1191.3643798828125,236.41757202148438,0.2068614661693573,1084.4691162109375,452.0775451660156,0.5048131942749023,983.2228393554688,452.6498107910156,0.41439181566238403
,217,3.5205397605895996,1105.5513916015625,597.3638305664062,0.22042065858840942,,,0.0,1035.6318359375,387.9508361816406,0.5573918223381042,,,0.0,,,0.0,1024.449462890625,472.2247619628906,0.3343748152256012,496.08795166015625,412.726318359375,0.951671838760376,,,0.0,1288.838623046875,308.29345703125,0.2512959837913513,,,0.0,,,0.0,,,0.0,867.8749389648438,209.05516052246094,0.3935220539569855
,218,2.454833984375,908.7095336914062,452.83355712890625,0.3547646403312683,,,0.0,,,0.0,900.250244140625,504.19427490234375,0.24228805303573608,,,0.0,,,0.0,432.8105163574219,408.23211669921875,0.5735492706298828,,,0.0,,,0.0,,,0.0,987.7786865234375,604.8228759765625,0.230502188205719,901.046630859375,500.3778381347656,0.21138262748718262,,,0.0
,219,2.075700283050537,816.8556518554688,340.3818664550781,0.37198981642723083,,,0.0,,,0.0,,,0.0,,,0.0,,,0.0,1072.26025390625,272.64215087890625,0.8925055265426636,,,0.0,,,0.0,,,0.0,,,0.0,,,0.0,,,0.0
,220,2.3413941860198975,748.4547119140625,316.8013610839844,0.3416019380092621,,,0.0,,,0.0,,,0.0,,,0.0,,,0.0,753.3182983398438,313.01019287109375,0.6804162263870239,1153.3084716796875,327.8212890625,0.2636878490447998,,,0.0,,,0.0,1155.693115234375,323.8735656738281,0.34837809205055237,,,0.0,,,0.0
,221,2.7962803840637207,1040.4476318359375,276.3657531738281,0.29456987977027893,964.747802734375,464.13720703125,0.49921607971191406,,,0.0,,,0.0,,,0.0,,,0.0,1004.3404541015625,224.21798706054688,0.4545532464981079,,,0.0,,,0.0,,,0.0,1041.4691162109375,365.8731689453125,0.29544365406036377,1027.9954833984375,388.6095275878906,0.2588079571723938,955.8406982421875,416.74072265625,0.270565390586853
,222,2.9392874240875244,715.7444458007812,288.4473876953125,0.3721104860305786,,,0.0,,,0.0,,,0.0,1337.238525390625,377.4648742675781,0.343022882938385,,,0.0,672.4899291992188,203.97198486328125,1.0251476764678955,,,0.0,1324.519775390625,384.32757568359375,0.49779757857322693,1085.530029296875,541.2876586914062,0.2562848627567291,,,0.0,,,0.0,,,0.0
,223,1.848441243171692,,,0.0,,,0.0,,,0.0,,,0.0,,,0.0,,,0.0,908.2316284179688,300.4440612792969,0.7974898815155029,,,0.0,524.6163940429688,403.8515625,0.2563696801662445,,,0.0,,,0.0,,,0.0,,,0.0
,224,2.589655637741089,428.6976318359375,332.2247619628906,0.2055467814207077,,,0.0,,,0.0,,,0.0,,,0.0,,,0.0,852.5681762695312,337.3819274902344,0.713257372379303,515.6782836914062,341.40386962890625,0.25520774722099304,644.4456787109375,560.1536865234375,0.24291537702083588,,,0.0,444.7778625488281,330.0335388183594,0.34738460183143616,,,0.0,448.5086669921875,368.9107971191406,0.2506433129310608
,225,2.3777225017547607,467.2525634765625,500.8248596191406,0.5543380975723267,,,0.0,,,0.0,,,0.0,,,0.0,,,0.0,492.1833190917969,308.8191833496094,0.772418200969696,,,0.0,1283.594482421875,440.4842224121094,0.2656402587890625,,,0.0,456.93157958984375,501.09783935546875,0.20382653176784515,,,0.0,,,0.0
,226,3.5837860107421875,1204.0970458984375,400.5297546386719,0.6864104866981506,1052.7340087890625,448.2499694824219,0.4025927782058716,,,0.0,,,0.0,,,0.0,,,0.0,524.0514526367188,608.1202392578125,1.0271791219711304,,,0.0,,,0.0,,,0.0,1124.3741455078125,604.1870727539062,0.5928425192832947,,,0.0,,,0.0
,227,3.1088273525238037,304.1351623535156,532.2726440429688,0.43699172139167786,1021.5828857421875,500.957763671875,0.2516660988330841,,,0.0,,,0.0,,,0.0,1064.7276611328125,476.5645751953125,0.2777464687824249,332.76806640625,219.83270263671875,0.6484021544456482,1083.568359375,532.5516357421875,0.21286359429359436,,,0.0,,,0.0,1108.822021484375,605.2568969726562,0.2584196925163269,1108.0264892578125,412.7482604980469,0.21321433782577515,,,0.0
,228,2.7157609462738037,288.611083984375,423.3531494140625,0.22640599310398102,,,0.0,,,0.0,,,0.0,,,0.0,,,0.0,263.979736328125,228.8297119140625,0.9894865155220032,1132.2601318359375,392.9370422363281,0.3616771996021271,308.54791259765625,568.4320678710938,0.24182525277137756,,,0.0,1131.74609375,393.53326416015625,0.20268042385578156,,,0.0,,,0.0
,229,2.811143159866333,216.52183532714844,432.9051208496094,0.4853972792625427,,,0.0,,,0.0,,,0.0,,,0.0,,,0.0,1091.8592529296875,271.916259765625,1.0093334913253784,,,0.0,1111.9117431640625,372.5003356933594,0.5425082445144653,,,0.0,,,0.0,,,0.0,,,0.0
,230,1.2213399410247803,,,0.0,,,0.0,,,0.0,,,0.0,,,0.0,,,0.0,1048.1815185546875,268.8420715332031,0.3604946434497833,,,0.0,,,0.0,,,0.0,,,0.0,,,0.0,,,0.0
,231,1.6061381101608276,,,0.0,,,0.0,,,0.0,,,0.0,,,0.0,,,0.0,979.94677734375,272.72772216796875,0.6582667827606201,,,0.0,976.29931640625,283.8905944824219,0.26371487975120544,,,0.0,,,0.0,,,0.0,,,0.0
,232,2.8379580974578857,913.0443725585938,501.0841979980469,0.4294095039367676,,,0.0,,,0.0,,,0.0,,,0.0,,,0.0,936.2481079101562,436.357666015625,0.6353002786636353,833.337890625,376.35223388671875,0.6994898319244385,928.9082641601562,440.630615234375,0.36141830682754517,,,0.0,,,0.0,,,0.0,,,0.0
,233,1.1285685300827026,,,0.0,,,0.0,,,0.0,,,0.0,,,0.0,,,0.0,1160.9105224609375,420.5412292480469,0.30960822105407715,,,0.0,,,0.0,,,0.0,,,0.0,,,0.0,,,0.0
,234,1.152103304862976,,,0.0,,,0.0,,,0.0,,,0.0,,,0.0,,,0.0,1175.9716796875,420.3891296386719,0.4954622685909271,,,0.0,,,0.0,,,0.0,,,0.0,,,0.0,,,0.0
,235,0.9575038552284241,,,0.0,,,0.0,,,0.0,,,0.0,,,0.0,,,0.0,1260.666748046875,592.7164306640625,0.4746335744857788,,,0.0,,,0.0,,,0.0,,,0.0,,,0.0,,,0.0
,236,1.3973265886306763,,,0.0,,,0.0,,,0.0,,,0.0,,,0.0,,,0.0,1304.59423828125,256.2940673828125,0.8403305411338806,,,0.0,,,0.0,,,0.0,,,0.0,,,0.0,,,0.0
,237,0.89979088306427,,,0.0,,,0.0,,,0.0,,,0.0,,,0.0,,,0.0,601.16748046875,273.2791442871094,0.2789486050605774,,,0.0,,,0.0,,,0.0,,,0.0,,,0.0,,,0.0
,238,0.9531944990158081,,,0.0,,,0.0,,,0.0,,,0.0,,,0.0,,,0.0,1233.0941162109375,395.3315734863281,0.2797636091709137,,,0.0,,,0.0,,,0.0,,,0.0,,,0.0,,,0.0
,239,1.392145037651062,,,0.0,,,0.0,,,0.0,,,0.0,1280.620361328125,464.7197265625,0.5827211737632751,,,0.0,564.4185180664062,304.94488525390625,0.43811652064323425,,,0.0,,,0.0,,,0.0,,,0.0,,,0.0,,,0.0
,241,1.3959014415740967,,,0.0,1096.6273193359375,601.5208740234375,0.22839109599590302,,,0.0,,,0.0,,,0.0,,,0.0,1100.2518310546875,597.1063232421875,0.3810993731021881,,,0.0,,,0.0,,,0.0,,,0.0,,,0.0,,,0.0
,242,1.6939022541046143,,,0.0,1008.5018920898438,476.1808166503906,0.2017766237258911,,,0.0,,,0.0,1264.705078125,468.15997314453125,0.20671619474887848,,,0.0,1103.9080810546875,596.8550415039062,0.6163771748542786,,,0.0,,,0.0,,,0.0,,,0.0,,,0.0,,,0.0
,244,0.660151481628418,,,0.0,,,0.0,,,0.0,,,0.0,1248.2567138671875,435.78436279296875,0.21518413722515106,,,0.0,,,0.0,,,0.0,,,0.0,,,0.0,,,0.0,,,0.0,,,0.0
,245,0.7480210065841675,,,0.0,,,0.0,,,0.0,,,0.0,1236.2978515625,428.1231994628906,0.33378714323043823,,,0.0,,,0.0,,,0.0,,,0.0,,,0.0,,,0.0,,,0.0,,,0.0
,246,1.2574878931045532,,,0.0,,,0.0,,,0.0,,,0.0,1228.5601806640625,420.81298828125,0.637104332447052,,,0.0,,,0.0,,,0.0,,,0.0,,,0.0,,,0.0,,,0.0,,,0.0
,247,1.031538724899292,,,0.0,,,0.0,,,0.0,,,0.0,,,0.0,,,0.0,281.1779479980469,676.6444702148438,0.27643612027168274,,,0.0,,,0.0,,,0.0,,,0.0,,,0.0,928.3865966796875,392.2953186035156,0.21832646429538727
,248,0.9240083694458008,,,0.0,,,0.0,,,0.0,,,0.0,,,0.0,,,0.0,284.58721923828125,676.9012451171875,0.34628239274024963,,,0.0,,,0.0,,,0.0,,,0.0,,,0.0,,,0.0
,249,1.079187273979187,,,0.0,,,0.0,,,0.0,,,0.0,1208.2711181640625,440.3987121582031,0.3530047535896301,,,0.0,284.5802917480469,677.3365478515625,0.23469361662864685,,,0.0,,,0.0,,,0.0,,,0.0,,,0.0,,,0.0
